-- phpMyAdmin SQL Dump
-- version 2.10.1
-- http://www.phpmyadmin.net
-- 
-- Host: localhost:3307
-- Generation Time: Sep 14, 2007 at 02:19 PM
-- Server version: 5.0.41
-- PHP Version: 5.2.3

SET SQL_MODE="NO_AUTO_VALUE_ON_ZERO";

-- 
-- Database: `store`
-- 

-- --------------------------------------------------------

-- 
-- Table structure for table `configurations`
-- 

CREATE TABLE `configurations` (
  `id` int(10) NOT NULL auto_increment,
  `key` varchar(50) collate utf8_unicode_ci NOT NULL,
  `value` varchar(100) collate utf8_unicode_ci NOT NULL,
  PRIMARY KEY  (`id`)
) ENGINE=InnoDB DEFAULT CHARSET=utf8 COLLATE=utf8_unicode_ci AUTO_INCREMENT=7 ;

-- 
-- Dumping data for table `configurations`
-- 

INSERT INTO `configurations` (`id`, `key`, `value`) VALUES 
(1, 'METADATA', '<meta name="Generator" content="Selling Made Simple - www.sellingmadesimple.org" />'),
(2, 'SITE_NAME', 'SMS Cart'),
(3, 'URL_EXTENSION', '.html'),
(4, 'GD_LIBRARY', '0'),
(5, 'THUMBNAIL_SIZE', '125'),
(6, 'CACHE_TIME', '3600');

-- --------------------------------------------------------

-- 
-- Table structure for table `contents`
-- 

CREATE TABLE `contents` (
  `id` int(10) NOT NULL auto_increment,
  `parent_id` int(10) NOT NULL,
  `order` int(10) NOT NULL,
  `hierarchy` int(10) NOT NULL,
  `content_type_id` int(10) NOT NULL,
  `template_id` int(10) NOT NULL,
  `default` tinyint(4) NOT NULL,
  `alias` varchar(50) collate utf8_unicode_ci NOT NULL,
  `head_data` text collate utf8_unicode_ci NOT NULL,
  `active` tinyint(4) NOT NULL,
  `show_in_menu` tinyint(4) NOT NULL,
  `created` datetime NOT NULL,
  `modified` datetime NOT NULL,
  PRIMARY KEY  (`id`)
) ENGINE=InnoDB DEFAULT CHARSET=utf8 COLLATE=utf8_unicode_ci AUTO_INCREMENT=69 ;

-- 
-- Dumping data for table `contents`
-- 

INSERT INTO `contents` (`id`, `parent_id`, `order`, `hierarchy`, `content_type_id`, `template_id`, `default`, `alias`, `head_data`, `active`, `show_in_menu`, `created`, `modified`) VALUES 
(35, 0, 1, 0, 3, 89, 1, 'home-page', '', 1, 1, '2007-07-28 21:11:18', '2007-09-12 12:30:17'),
(36, 0, 3, 0, 1, 89, 0, 'test-category-1', '', 1, 1, '2007-07-28 21:11:49', '2007-08-01 14:56:05'),
(37, 36, 1, 0, 2, 89, 0, 'test-product-1', '', 1, 1, '2007-07-28 21:12:24', '2007-07-31 09:45:14'),
(38, 36, 2, 0, 2, 89, 0, 'mozilla-firefox', '', 1, 1, '2007-07-29 18:54:37', '2007-09-11 11:20:29'),
(39, 0, 2, 0, 1, 89, 0, 'open-source-software', '', 1, 1, '2007-07-29 22:02:10', '2007-08-01 14:55:54'),
(40, 39, 0, 0, 1, 89, 0, 'shopping-carts', '', 1, 1, '2007-07-29 22:02:24', '2007-07-29 22:02:33'),
(41, 39, 1, 0, 1, 89, 0, 'operating-systems', '', 1, 1, '2007-07-29 22:02:47', '2007-08-15 16:00:55'),
(44, 0, 4, 0, 3, 89, 0, 'information', '', 1, 0, '2007-07-30 15:34:48', '2007-07-30 15:35:02'),
(45, 44, 1, 0, 3, 89, 0, 'shipping--returns', '', 1, 1, '2007-07-30 15:36:30', '2007-08-06 14:53:16'),
(46, 44, 1, 0, 3, 89, 0, 'privacy-policy', '', 1, 1, '2007-07-30 15:36:54', '2007-07-30 15:37:09'),
(47, 44, 2, 0, 3, 89, 0, 'conditions-of-use', '', 1, 1, '2007-07-30 15:37:33', '2007-07-30 15:37:33'),
(48, 44, 3, 0, 3, 89, 0, 'contact-us', '', 1, 1, '2007-07-30 15:38:03', '2007-07-30 15:38:03'),
(49, -1, 5, 0, 3, 89, 0, 'cart-contents', '', 1, 1, '2007-07-30 20:40:14', '2007-08-09 16:23:47'),
(50, -1, 6, 0, 3, 89, 0, 'checkout', '', 1, 1, '2007-07-30 20:52:36', '2007-08-01 16:54:56'),
(51, -1, 5, 0, 3, 89, 0, 'payment', '', 1, 1, '2007-08-07 11:16:28', '2007-09-01 16:22:10'),
(53, -1, 5, 0, 3, 89, 0, 'thank-you', '', 1, 1, '2007-08-07 11:58:21', '2007-08-15 16:00:40'),
(54, 44, 5, 0, 5, 89, 0, 'news', '', 1, 1, '2007-08-07 17:53:27', '2007-09-07 11:11:58'),
(55, 40, 1, 0, 2, 89, 0, 'linux-rocks', '', 1, 1, '2007-08-10 16:14:33', '2007-08-10 16:14:33'),
(58, -1, 0, 0, 3, 89, 0, 'read-reviews', '', 1, 0, '2007-08-20 09:37:04', '2007-08-20 09:37:04'),
(59, -1, 0, 0, 3, 89, 0, 'create-review', '', 1, 0, '2007-08-20 09:37:04', '2007-08-20 09:37:04'),
(68, -1, 0, 0, 3, 89, 0, 'coupon-details', '', 1, 0, '2007-09-13 11:11:08', '2007-09-13 11:11:08');

-- --------------------------------------------------------

-- 
-- Table structure for table `content_categories`
-- 

CREATE TABLE `content_categories` (
  `id` int(10) NOT NULL auto_increment,
  `content_id` int(10) NOT NULL,
  `extra` varchar(1) collate utf8_unicode_ci NOT NULL,
  PRIMARY KEY  (`id`)
) ENGINE=InnoDB DEFAULT CHARSET=utf8 COLLATE=utf8_unicode_ci AUTO_INCREMENT=13 ;

-- 
-- Dumping data for table `content_categories`
-- 

INSERT INTO `content_categories` (`id`, `content_id`, `extra`) VALUES 
(8, 36, '1'),
(9, 39, '1'),
(10, 40, '1'),
(11, 41, '1'),
(12, 51, '1');

-- --------------------------------------------------------

-- 
-- Table structure for table `content_descriptions`
-- 

CREATE TABLE `content_descriptions` (
  `id` int(10) NOT NULL auto_increment,
  `content_id` int(10) NOT NULL,
  `language_id` int(10) NOT NULL,
  `name` varchar(50) collate utf8_unicode_ci NOT NULL,
  `description` text collate utf8_unicode_ci NOT NULL,
  PRIMARY KEY  (`id`)
) ENGINE=InnoDB DEFAULT CHARSET=utf8 COLLATE=utf8_unicode_ci AUTO_INCREMENT=395 ;

-- 
-- Dumping data for table `content_descriptions`
-- 

INSERT INTO `content_descriptions` (`id`, `content_id`, `language_id`, `name`, `description`) VALUES 
(159, 40, 1, 'Shopping Carts', 'Shopping Carts'),
(160, 40, 3, '', ''),
(179, 44, 1, 'Information', 'Information about our site can be found by visiting the following links:'),
(180, 44, 3, '', ''),
(185, 46, 1, 'Privacy Policy', '<p>Enter your Privacy information on this page.</p>'),
(186, 46, 3, '', ''),
(187, 47, 1, 'Conditions of Use', '<p>Enter your Conditions of Use on this page.</p>'),
(188, 47, 3, '', ''),
(189, 48, 1, 'Contact Us', '<p>Enter your contact information on this page.</p>'),
(190, 48, 3, '', ''),
(209, 37, 1, 'Internet Explorer', 'Internet Explorer is a buggy evil little browser.'),
(210, 37, 3, 'Internet Explorer', 'Internet Explorer is a buggy evil little browser.'),
(225, 39, 1, 'Open Source', ''),
(226, 39, 3, 'Open Source', ''),
(227, 36, 1, 'Web Browsers', '<p>There are many different types of web browsers.  </p>'),
(228, 36, 3, 'Web Browsers', ''),
(241, 50, 1, 'Checkout', '{checkout}'),
(242, 50, 3, 'Checkout', '{checkout}'),
(245, 45, 1, 'Shipping and Returns', '<p>Enter your Shipping & Return information on this page.</p>'),
(246, 45, 3, '', ''),
(269, 49, 1, 'Cart Contents', '{shopping_cart}'),
(270, 49, 3, 'Cart Contents', '{view_shopping_cart}'),
(293, 55, 1, 'Linux Rocks', ''),
(294, 55, 3, 'Linux Rocks', ''),
(313, 53, 1, 'Thank You', 'Thanks for shopping!'),
(314, 53, 3, 'Thank You', 'Thanks for shopping!'),
(317, 41, 1, 'Operating Systems', 'Operating Systems'),
(318, 41, 3, '', ''),
(323, 58, 1, 'Read Reviews', '{module alias=''reviews'' action=''display''}'),
(324, 58, 3, 'Read Reviews', '{module alias=''reviews'' action=''display''}'),
(325, 59, 1, 'Write Review', '{module alias=''reviews'' action=''create''}'),
(326, 59, 3, 'Write Review', '{module alias=''reviews'' action=''create''}'),
(359, 51, 1, 'Payment', '{payment}\r\n\r\n<h2 style="margin-top:75px;">{lang}cart-contents{/lang}<h2>\r\n{shopping_cart template=''payment-view-cart''}'),
(360, 51, 3, 'Payment', '{payment}'),
(369, 54, 1, 'News', ''),
(370, 54, 3, 'News', ''),
(385, 38, 1, 'Mozilla Firefox', 'Should soon surpass Internet Explorer 6.0 as the leading browser.  '),
(386, 38, 3, '', ''),
(391, 35, 1, 'Home', '<p>Welcome to your new online catalog!</p>\r\n<hr />\r\n<p> </p>\r\n<p><a href=''admin/''>Click here to go to the admin area.</a><br />\r\nLogin credentials: admin/password.</p>\r\n<p>To edit this content log into the administration area and edit the page named ''Home''</p>\r\n<hr />'),
(392, 35, 3, 'Home', 'This description is in Spanish.  I don''t speak Spanish, so you''re out of luck pal.'),
(393, 68, 1, 'Voucher Details', '{module alias=''coupons'' action=''show_info''}'),
(394, 68, 3, 'Voucher Details', '{module alias=''coupons'' action=''show_info''}');

-- --------------------------------------------------------

-- 
-- Table structure for table `content_images`
-- 

CREATE TABLE `content_images` (
  `id` int(10) NOT NULL auto_increment,
  `content_id` int(10) NOT NULL,
  `order` int(10) NOT NULL,
  `image` varchar(100) collate utf8_unicode_ci NOT NULL,
  `created` datetime NOT NULL,
  `modified` datetime NOT NULL,
  PRIMARY KEY  (`id`)
) ENGINE=InnoDB DEFAULT CHARSET=utf8 COLLATE=utf8_unicode_ci AUTO_INCREMENT=3 ;

-- 
-- Dumping data for table `content_images`
-- 

INSERT INTO `content_images` (`id`, `content_id`, `order`, `image`, `created`, `modified`) VALUES 
(1, 37, 1, 'ie72.jpg', '2007-07-31 09:45:11', '2007-07-31 09:45:11'),
(2, 38, 1, 'firefox.jpg', '2007-08-09 21:03:49', '2007-08-09 21:03:49');

-- --------------------------------------------------------

-- 
-- Table structure for table `content_links`
-- 

CREATE TABLE `content_links` (
  `id` int(10) NOT NULL auto_increment,
  `content_id` int(10) NOT NULL,
  `url` varchar(255) collate utf8_unicode_ci NOT NULL,
  PRIMARY KEY  (`id`)
) ENGINE=InnoDB DEFAULT CHARSET=utf8 COLLATE=utf8_unicode_ci AUTO_INCREMENT=2 ;

-- 
-- Dumping data for table `content_links`
-- 

INSERT INTO `content_links` (`id`, `content_id`, `url`) VALUES 
(1, 54, 'http://cnn.com');

-- --------------------------------------------------------

-- 
-- Table structure for table `content_pages`
-- 

CREATE TABLE `content_pages` (
  `id` int(10) NOT NULL auto_increment,
  `content_id` int(10) NOT NULL,
  `extra` varchar(1) collate utf8_unicode_ci NOT NULL,
  PRIMARY KEY  (`id`)
) ENGINE=InnoDB DEFAULT CHARSET=utf8 COLLATE=utf8_unicode_ci AUTO_INCREMENT=35 ;

-- 
-- Dumping data for table `content_pages`
-- 

INSERT INTO `content_pages` (`id`, `content_id`, `extra`) VALUES 
(23, 35, '1'),
(24, 36, '1'),
(25, 44, '1'),
(26, 45, '1'),
(27, 46, '1'),
(28, 47, '1'),
(29, 48, '1'),
(30, 49, '1'),
(31, 50, '1'),
(32, 51, '1'),
(33, 53, '1');

-- --------------------------------------------------------

-- 
-- Table structure for table `content_products`
-- 

CREATE TABLE `content_products` (
  `id` int(10) NOT NULL auto_increment,
  `content_id` int(10) NOT NULL,
  `stock` int(10) NOT NULL,
  `model` varchar(50) collate utf8_unicode_ci NOT NULL,
  `price` double NOT NULL,
  `tax_id` int(10) NOT NULL,
  `weight` double NOT NULL,
  PRIMARY KEY  (`id`)
) ENGINE=InnoDB DEFAULT CHARSET=utf8 COLLATE=utf8_unicode_ci AUTO_INCREMENT=20 ;

-- 
-- Dumping data for table `content_products`
-- 

INSERT INTO `content_products` (`id`, `content_id`, `stock`, `model`, `price`, `tax_id`, `weight`) VALUES 
(16, 37, 12, '123456', 10.99, 2, 0),
(17, 38, 22, '', 4.95, 2, 3),
(18, 55, 0, '', 0.01, 2, 0);

-- --------------------------------------------------------

-- 
-- Table structure for table `content_selflinks`
-- 

CREATE TABLE `content_selflinks` (
  `id` int(10) NOT NULL auto_increment,
  `content_id` int(1) NOT NULL,
  `url` varchar(50) collate utf8_unicode_ci NOT NULL,
  PRIMARY KEY  (`id`)
) ENGINE=InnoDB DEFAULT CHARSET=utf8 COLLATE=utf8_unicode_ci AUTO_INCREMENT=2 ;

-- 
-- Dumping data for table `content_selflinks`
-- 

INSERT INTO `content_selflinks` (`id`, `content_id`, `url`) VALUES 
(1, 54, '38');

-- --------------------------------------------------------

-- 
-- Table structure for table `content_types`
-- 

CREATE TABLE `content_types` (
  `id` int(10) NOT NULL auto_increment,
  `template_type_id` tinyint(4) NOT NULL,
  `name` varchar(50) collate utf8_unicode_ci NOT NULL,
  `type` varchar(50) collate utf8_unicode_ci NOT NULL,
  PRIMARY KEY  (`id`)
) ENGINE=InnoDB DEFAULT CHARSET=utf8 COLLATE=utf8_unicode_ci AUTO_INCREMENT=6 ;

-- 
-- Dumping data for table `content_types`
-- 

INSERT INTO `content_types` (`id`, `template_type_id`, `name`, `type`) VALUES 
(1, 4, 'Category', 'ContentCategory'),
(2, 3, 'Product', 'ContentProduct'),
(3, 2, 'Page', 'ContentPage'),
(4, 0, 'Link', 'ContentLink'),
(5, 0, 'Selflink', 'ContentSelflink');

-- --------------------------------------------------------

-- 
-- Table structure for table `countries`
-- 

CREATE TABLE `countries` (
  `id` int(11) NOT NULL auto_increment,
  `name` varchar(64) collate utf8_unicode_ci NOT NULL,
  `iso_code_2` char(2) collate utf8_unicode_ci NOT NULL,
  `iso_code_3` char(3) collate utf8_unicode_ci NOT NULL,
  `address_format` varchar(255) collate utf8_unicode_ci default NULL,
  PRIMARY KEY  (`id`),
  KEY `IDX_NAME` (`name`)
) ENGINE=InnoDB DEFAULT CHARSET=utf8 COLLATE=utf8_unicode_ci AUTO_INCREMENT=245 ;

-- 
-- Dumping data for table `countries`
-- 

INSERT INTO `countries` (`id`, `name`, `iso_code_2`, `iso_code_3`, `address_format`) VALUES 
(1, 'Afghanistan', 'Af', 'AFG', ''),
(2, 'Albania', 'AL', 'ALB', ''),
(3, 'Algeria', 'DZ', 'DZA', ''),
(4, 'American Samoa', 'AS', 'ASM', ''),
(5, 'Andorra', 'AD', 'AND', ''),
(6, 'Angola', 'AO', 'AGO', ''),
(7, 'Anguilla', 'AI', 'AIA', ''),
(8, 'Antarctica', 'AQ', 'ATA', ''),
(9, 'Antigua and Barbuda', 'AG', 'ATG', ''),
(10, 'Argentina', 'AR', 'ARG', ':name\n:street_address\n:postcode :city\n:country'),
(11, 'Armenia', 'AM', 'ARM', ''),
(12, 'Aruba', 'AW', 'ABW', ''),
(13, 'Australia', 'AU', 'AUS', ':name\n:street_address\n:suburb :state_code :postcode\n:country'),
(14, 'Austria', 'AT', 'AUT', ':name\n:street_address\nA-:postcode :city\n:country'),
(15, 'Azerbaijan', 'AZ', 'AZE', ''),
(16, 'Bahamas', 'BS', 'BHS', ''),
(17, 'Bahrain', 'BH', 'BHR', ''),
(18, 'Bangladesh', 'BD', 'BGD', ''),
(19, 'Barbados', 'BB', 'BRB', ''),
(20, 'Belarus', 'BY', 'BLR', ''),
(21, 'Belgium', 'BE', 'BEL', ':name\n:street_address\nB-:postcode :city\n:country'),
(22, 'Belize', 'BZ', 'BLZ', ''),
(23, 'Benin', 'BJ', 'BEN', ''),
(24, 'Bermuda', 'BM', 'BMU', ''),
(25, 'Bhutan', 'BT', 'BTN', ''),
(26, 'Bolivia', 'BO', 'BOL', ''),
(27, 'Bosnia and Herzegowina', 'BA', 'BIH', ''),
(28, 'Botswana', 'BW', 'BWA', ''),
(29, 'Bouvet Island', 'BV', 'BVT', ''),
(30, 'Brazil', 'BR', 'BRA', ':name\n:street_address\n:state\n:postcode\n:country'),
(31, 'British Indian Ocean Territory', 'IO', 'IOT', ''),
(32, 'Brunei Darussalam', 'BN', 'BRN', ''),
(33, 'Bulgaria', 'BG', 'BGR', ''),
(34, 'Burkina Faso', 'BF', 'BFA', ''),
(35, 'Burundi', 'BI', 'BDI', ''),
(36, 'Cambodia', 'KH', 'KHM', ''),
(37, 'Cameroon', 'CM', 'CMR', ''),
(38, 'Canada', 'CA', 'CAN', ':name\n:street_address\n:city :state_code :postcode\n:country'),
(39, 'Cape Verde', 'CV', 'CPV', ''),
(40, 'Cayman Islands', 'KY', 'CYM', ''),
(41, 'Central African Republic', 'CF', 'CAF', ''),
(42, 'Chad', 'TD', 'TCD', ''),
(43, 'Chile', 'CL', 'CHL', ':name\n:street_address\n:city\n:country'),
(44, 'China', 'CN', 'CHN', ':name\n:street_address\n:postcode :city\n:country'),
(45, 'Christmas Island', 'CX', 'CXR', ''),
(46, 'Cocos (Keeling) Islands', 'CC', 'CCK', ''),
(47, 'Colombia', 'CO', 'COL', ''),
(48, 'Comoros', 'KM', 'COM', ''),
(49, 'Congo', 'CG', 'COG', ''),
(50, 'Cook Islands', 'CK', 'COK', ''),
(51, 'Costa Rica', 'CR', 'CRI', ''),
(52, 'Cote D''Ivoire', 'CI', 'CIV', ''),
(53, 'Croatia', 'HR', 'HRV', ''),
(54, 'Cuba', 'CU', 'CUB', ''),
(55, 'Cyprus', 'CY', 'CYP', ''),
(56, 'Czech Republic', 'CZ', 'CZE', ''),
(57, 'Denmark', 'DK', 'DNK', ':name\n:street_address\nDK-:postcode :city\n:country'),
(58, 'Djibouti', 'DJ', 'DJI', ''),
(59, 'Dominica', 'DM', 'DMA', ''),
(60, 'Dominican Republic', 'DO', 'DOM', ''),
(61, 'East Timor', 'TP', 'TMP', ''),
(62, 'Ecuador', 'EC', 'ECU', ''),
(63, 'Egypt', 'EG', 'EGY', ''),
(64, 'El Salvador', 'SV', 'SLV', ''),
(65, 'Equatorial Guinea', 'GQ', 'GNQ', ''),
(66, 'Eritrea', 'ER', 'ERI', ''),
(67, 'Estonia', 'EE', 'EST', ''),
(68, 'Ethiopia', 'ET', 'ETH', ''),
(69, 'Falkland Islands (Malvinas)', 'FK', 'FLK', ''),
(70, 'Faroe Islands', 'FO', 'FRO', ''),
(71, 'Fiji', 'FJ', 'FJI', ''),
(72, 'Finland', 'FI', 'FIN', ':name\n:street_address\nFIN-:postcode :city\n:country'),
(73, 'France', 'FR', 'FRA', ':name\n:street_address\n:postcode :city\n:country'),
(74, 'France, Metropolitan', 'FX', 'FXX', ':name\n:street_address\n:postcode :city\n:country'),
(75, 'French Guiana', 'GF', 'GUF', ':name\n:street_address\n:postcode :city\n:country'),
(76, 'French Polynesia', 'PF', 'PYF', ':name\n:street_address\n:postcode :city\n:country'),
(77, 'French Southern Territories', 'TF', 'ATF', ':name\n:street_address\n:postcode :city\n:country'),
(78, 'Gabon', 'GA', 'GAB', ''),
(79, 'Gambia', 'GM', 'GMB', ''),
(80, 'Georgia', 'GE', 'GEO', ''),
(81, 'Germany', 'DE', 'DEU', ':name\n:street_address\nD-:postcode :city\n:country'),
(82, 'Ghana', 'GH', 'GHA', ''),
(83, 'Gibraltar', 'GI', 'GIB', ''),
(84, 'Greece', 'GR', 'GRC', ''),
(85, 'Greenland', 'GL', 'GRL', ':name\n:street_address\nDK-:postcode :city\n:country'),
(86, 'Grenada', 'GD', 'GRD', ''),
(87, 'Guadeloupe', 'GP', 'GLP', ''),
(88, 'Guam', 'GU', 'GUM', ''),
(89, 'Guatemala', 'GT', 'GTM', ''),
(90, 'Guinea', 'GN', 'GIN', ''),
(91, 'Guinea-Bissau', 'GW', 'GNB', ''),
(92, 'Guyana', 'GY', 'GUY', ''),
(93, 'Haiti', 'HT', 'HTI', ''),
(94, 'Heard and McDonald Islands', 'HM', 'HMD', ''),
(95, 'Honduras', 'HN', 'HND', ''),
(96, 'Hong Kong', 'HK', 'HKG', ':name\n:street_address\n:city\n:country'),
(97, 'Hungary', 'HU', 'HUN', ''),
(98, 'Iceland', 'IS', 'ISL', ':name\n:street_address\nIS:postcode :city\n:country'),
(99, 'India', 'IN', 'IND', ':name\n:street_address\n:city-:postcode\n:country'),
(100, 'Indonesia', 'ID', 'IDN', ':name\n:street_address\n:city :postcode\n:country'),
(101, 'Iran', 'IR', 'IRN', ''),
(102, 'Iraq', 'IQ', 'IRQ', ''),
(103, 'Ireland', 'IE', 'IRL', ':name\n:street_address\nIE-:city\n:country'),
(104, 'Israel', 'IL', 'ISR', ':name\n:street_address\n:postcode :city\n:country'),
(105, 'Italy', 'IT', 'ITA', ':name\n:street_address\n:postcode-:city :state_code\n:country'),
(106, 'Jamaica', 'JM', 'JAM', ''),
(107, 'Japan', 'JP', 'JPN', ':name\n:street_address, :suburb\n:city :postcode\n:country'),
(108, 'Jordan', 'JO', 'JOR', ''),
(109, 'Kazakhstan', 'KZ', 'KAZ', ''),
(110, 'Kenya', 'KE', 'KEN', ''),
(111, 'Kiribati', 'KI', 'KIR', ''),
(112, 'Korea, North', 'KP', 'PRK', ''),
(113, 'Korea, South', 'KR', 'KOR', ''),
(114, 'Kuwait', 'KW', 'KWT', ''),
(115, 'Kyrgyzstan', 'KG', 'KGZ', ''),
(116, 'Laos', 'LA', 'LAO', ''),
(117, 'Latvia', 'LV', 'LVA', ''),
(118, 'Lebanon', 'LB', 'LBN', ''),
(119, 'Lesotho', 'LS', 'LSO', ''),
(120, 'Liberia', 'LR', 'LBR', ''),
(121, 'Libyan Arab Jamahiriya', 'LY', 'LBY', ''),
(122, 'Liechtenstein', 'LI', 'LIE', ''),
(123, 'Lithuania', 'LT', 'LTU', ''),
(124, 'Luxembourg', 'LU', 'LUX', ':name\n:street_address\nL-:postcode :city\n:country'),
(125, 'Macau', 'MO', 'MAC', ''),
(126, 'Macedonia', 'MK', 'MKD', ''),
(127, 'Madagascar', 'MG', 'MDG', ''),
(128, 'Malawi', 'MW', 'MWI', ''),
(129, 'Malaysia', 'MY', 'MYS', ''),
(130, 'Maldives', 'MV', 'MDV', ''),
(131, 'Mali', 'ML', 'MLI', ''),
(132, 'Malta', 'MT', 'MLT', ''),
(133, 'Marshall Islands', 'MH', 'MHL', ''),
(134, 'Martinique', 'MQ', 'MTQ', ''),
(135, 'Mauritania', 'MR', 'MRT', ''),
(136, 'Mauritius', 'MU', 'MUS', ''),
(137, 'Mayotte', 'YT', 'MYT', ''),
(138, 'Mexico', 'MX', 'MEX', ':name\n:street_address\n:postcode :city, :state_code\n:country'),
(139, 'Micronesia', 'FM', 'FSM', ''),
(140, 'Moldova', 'MD', 'MDA', ''),
(141, 'Monaco', 'MC', 'MCO', ''),
(142, 'Mongolia', 'MN', 'MNG', ''),
(143, 'Montserrat', 'MS', 'MSR', ''),
(144, 'Morocco', 'MA', 'MAR', ''),
(145, 'Mozambique', 'MZ', 'MOZ', ''),
(146, 'Myanmar', 'MM', 'MMR', ''),
(147, 'Namibia', 'NA', 'NAM', ''),
(148, 'Nauru', 'NR', 'NRU', ''),
(149, 'Nepal', 'NP', 'NPL', ''),
(150, 'Netherlands', 'NL', 'NLD', ':name\n:street_address\n:postcode :city\n:country'),
(151, 'Netherlands Antilles', 'AN', 'ANT', ':name\n:street_address\n:postcode :city\n:country'),
(152, 'New Caledonia', 'NC', 'NCL', ''),
(153, 'New Zealand', 'NZ', 'NZL', ':name\n:street_address\n:suburb\n:city :postcode\n:country'),
(154, 'Nicaragua', 'NI', 'NIC', ''),
(155, 'Niger', 'NE', 'NER', ''),
(156, 'Nigeria', 'NG', 'NGA', ''),
(157, 'Niue', 'NU', 'NIU', ''),
(158, 'Norfolk Island', 'NF', 'NFK', ''),
(159, 'Northern Mariana Islands', 'MP', 'MNP', ''),
(160, 'Norway', 'NO', 'NOR', ':name\n:street_address\nNO-:postcode :city\n:country'),
(161, 'Oman', 'OM', 'OMN', ''),
(162, 'Pakistan', 'PK', 'PAK', ''),
(163, 'Palau', 'PW', 'PLW', ''),
(164, 'Panama', 'PA', 'PAN', ''),
(165, 'Papua New Guinea', 'PG', 'PNG', ''),
(166, 'Paraguay', 'PY', 'PRY', ''),
(167, 'Peru', 'PE', 'PER', ''),
(168, 'Philippines', 'PH', 'PHL', ''),
(169, 'Pitcairn', 'PN', 'PCN', ''),
(170, 'Poland', 'PL', 'POL', ':name\n:street_address\n:postcode :city\n:country'),
(171, 'Portugal', 'PT', 'PRT', ':name\n:street_address\n:postcode :city\n:country'),
(172, 'Puerto Rico', 'PR', 'PRI', ''),
(173, 'Qatar', 'QA', 'QAT', ''),
(174, 'Reunion', 'RE', 'REU', ''),
(175, 'Romania', 'RO', 'ROM', ''),
(176, 'Russia', 'RU', 'RUS', ':name\n:street_address\n:postcode :city\n:country'),
(177, 'Rwanda', 'RW', 'RWA', ''),
(178, 'Saint Kitts and Nevis', 'KN', 'KNA', ''),
(179, 'Saint Lucia', 'LC', 'LCA', ''),
(180, 'Saint Vincent and the Grenadines', 'VC', 'VCT', ''),
(181, 'Samoa', 'WS', 'WSM', ''),
(182, 'San Marino', 'SM', 'SMR', ''),
(183, 'Sao Tome and Principe', 'ST', 'STP', ''),
(184, 'Saudi Arabia', 'SA', 'SAU', ''),
(185, 'Senegal', 'SN', 'SEN', ''),
(186, 'Seychelles', 'SC', 'SYC', ''),
(187, 'Sierra Leone', 'SL', 'SLE', ''),
(188, 'Singapore', 'SG', 'SGP', ':name\n:street_address\n:city :postcode\n:country'),
(189, 'Slovakia', 'SK', 'SVK', ''),
(190, 'Slovenia', 'SI', 'SVN', ''),
(191, 'Solomon Islands', 'SB', 'SLB', ''),
(192, 'Somalia', 'SO', 'SOM', ''),
(193, 'South Africa', 'ZA', 'ZAF', ':name\n:street_address\n:suburb\n:city\n:postcode :country'),
(194, 'South Georgia and the South Sandwich Islands', 'GS', 'SGS', ''),
(195, 'Spain', 'ES', 'ESP', ':name\n:street_address\n:postcode :city\n:country'),
(196, 'Sri Lanka', 'LK', 'LKA', ''),
(197, 'St. Helena', 'SH', 'SHN', ''),
(198, 'St. Pierre and Miquelon', 'PM', 'SPM', ''),
(199, 'Sudan', 'SD', 'SDN', ''),
(200, 'Suriname', 'SR', 'SUR', ''),
(201, 'Svalbard and Jan Mayen Islands', 'SJ', 'SJM', ''),
(202, 'Swaziland', 'SZ', 'SWZ', ''),
(203, 'Sweden', 'SE', 'SWE', ':name\n:street_address\n:postcode :city\n:country'),
(204, 'Switzerland', 'CH', 'CHE', ':name\n:street_address\n:postcode :city\n:country'),
(205, 'Syrian Arab Republic', 'SY', 'SYR', ''),
(206, 'Taiwan', 'TW', 'TWN', ':name\n:street_address\n:city :postcode\n:country'),
(207, 'Tajikistan', 'TJ', 'TJK', ''),
(208, 'Tanzania', 'TZ', 'TZA', ''),
(209, 'Thailand', 'TH', 'THA', ''),
(210, 'Togo', 'TG', 'TGO', ''),
(211, 'Tokelau', 'TK', 'TKL', ''),
(212, 'Tonga', 'TO', 'TON', ''),
(213, 'Trinidad and Tobago', 'TT', 'TTO', ''),
(214, 'Tunisia', 'TN', 'TUN', ''),
(215, 'Turkey', 'TR', 'TUR', ''),
(216, 'Turkmenistan', 'TM', 'TKM', ''),
(217, 'Turks and Caicos Islands', 'TC', 'TCA', ''),
(218, 'Tuvalu', 'TV', 'TUV', ''),
(219, 'Uganda', 'UG', 'UGA', ''),
(220, 'Ukraine', 'UA', 'UKR', ''),
(221, 'United Arab Emirates', 'AE', 'ARE', ''),
(222, 'United Kingdom', 'GB', 'GBR', ':name\n:street_address\n:city\n:postcode\n:country'),
(223, 'United States of America', 'US', 'USA', ':name\n:street_address\n:city :state_code :postcode\n:country'),
(224, 'United States Minor Outlying Islands', 'UM', 'UMI', ''),
(225, 'Uruguay', 'UY', 'URY', ''),
(226, 'Uzbekistan', 'UZ', 'UZB', ''),
(227, 'Vanuatu', 'VU', 'VUT', ''),
(228, 'Vatican City State (Holy See)', 'VA', 'VAT', ''),
(229, 'Venezuela', 'VE', 'VEN', ''),
(230, 'Vietnam', 'VN', 'VNM', ''),
(231, 'Virgin Islands (British)', 'VG', 'VGB', ''),
(232, 'Virgin Islands (U.S.)', 'VI', 'VIR', ''),
(233, 'Wallis and Futuna Islands', 'WF', 'WLF', ''),
(234, 'Western Sahara', 'EH', 'ESH', ''),
(235, 'Yemen', 'YE', 'YEM', ''),
(236, 'Yugoslavia', 'YU', 'YUG', ''),
(237, 'Zaire', 'ZR', 'ZAR', ''),
(238, 'Zambia', 'ZM', 'ZMB', ''),
(239, 'Zimbabwe', 'ZW', 'ZWE', ''),
(240, 'aaa', 'bb', 'bbq', 'asdfasdfbb'),
(244, 'aaa', '', '', NULL);

-- --------------------------------------------------------

-- 
-- Table structure for table `country_zones`
-- 

CREATE TABLE `country_zones` (
  `id` int(10) NOT NULL auto_increment,
  `country_id` int(10) NOT NULL,
  `code` varchar(32) collate utf8_unicode_ci NOT NULL,
  `name` varchar(64) collate utf8_unicode_ci NOT NULL,
  PRIMARY KEY  (`id`)
) ENGINE=InnoDB DEFAULT CHARSET=utf8 COLLATE=utf8_unicode_ci AUTO_INCREMENT=4257 ;

-- 
-- Dumping data for table `country_zones`
-- 

INSERT INTO `country_zones` (`id`, `country_id`, `code`, `name`) VALUES 
(1, 1, 'BDS', '?? ????'),
(2, 1, 'BDG', '??????'),
(3, 1, 'BGL', '?????'),
(4, 1, 'BAL', '???'),
(5, 1, 'BAM', '??????'),
(6, 1, 'DAY', '???????'),
(7, 1, 'FRA', '????'),
(8, 1, 'FYB', '??????'),
(9, 1, 'GHA', '????'),
(10, 1, 'GHO', '???'),
(11, 1, 'HEL', '?????'),
(12, 1, 'HER', '????'),
(13, 1, 'JOW', '??????'),
(14, 1, 'KAB', '????'),
(15, 1, 'KAN', '??????'),
(16, 1, 'KAP', '??????'),
(17, 1, 'KHO', '????'),
(18, 1, 'KNR', '?????'),
(19, 1, 'KDZ', '?????'),
(20, 1, 'LAG', '?????'),
(21, 1, 'LOW', '????'),
(22, 1, 'NAN', '???????'),
(23, 1, 'NIM', '??????'),
(24, 1, 'NUR', '???????'),
(25, 1, 'ORU', '???????'),
(26, 1, 'PIA', '?????'),
(27, 1, 'PKA', '??????'),
(28, 1, 'PAN', '??? ???'),
(29, 1, 'PAR', '?????'),
(30, 1, 'SAM', '??????'),
(31, 1, 'SAR', '?? ??'),
(32, 1, 'TAK', '????'),
(33, 1, 'WAR', '????'),
(34, 1, 'ZAB', '????'),
(35, 2, 'BR', 'Beratit'),
(36, 2, 'BU', 'Bulqiz'),
(37, 2, 'DI', 'Dibr'),
(38, 2, 'DL', 'Delvin'),
(39, 2, 'DR', 'Durr?sit'),
(40, 2, 'DV', 'Devollit'),
(41, 2, 'EL', 'Elbasanit'),
(42, 2, 'ER', 'Kolonj'),
(43, 2, 'FR', 'Fierit'),
(44, 2, 'GJ', 'Gjirokastr'),
(45, 2, 'GR', 'Gramshit'),
(46, 2, 'HA', 'Hasit'),
(47, 2, 'KA', 'Kavaj'),
(48, 2, 'KB', 'Kurbinit'),
(49, 2, 'KC', 'Ku?ov'),
(50, 2, 'KO', 'Kor?'),
(51, 2, 'KR', 'Kruj'),
(52, 2, 'KU', 'Kuk?sit'),
(53, 2, 'LB', 'Librazhdit'),
(54, 2, 'LE', 'Lezh'),
(55, 2, 'LU', 'Lushnj'),
(56, 2, 'MK', 'Mallakastr'),
(57, 2, 'MM', 'Mal?sis? s? Madhe'),
(58, 2, 'MR', 'Mirdit'),
(59, 2, 'MT', 'Matit'),
(60, 2, 'PG', 'Pogradecit'),
(61, 2, 'PQ', 'Peqinit'),
(62, 2, 'PR', 'P?rmetit'),
(63, 2, 'PU', 'Puk'),
(64, 2, 'SH', 'Shkodr'),
(65, 2, 'SK', 'Skraparit'),
(66, 2, 'SR', 'Sarand'),
(67, 2, 'TE', 'Tepelen'),
(68, 2, 'TP', 'Tropoj'),
(69, 2, 'TR', 'Tiran'),
(70, 2, 'VL', 'Vlor'),
(71, 3, '01', '????? ?????'),
(72, 3, '02', '????? ?????'),
(73, 3, '03', '????? ???????'),
(74, 3, '04', '????? ?? ???????'),
(75, 3, '05', '????? ?????'),
(76, 3, '06', '????? ?????'),
(77, 3, '07', '????? ?????'),
(78, 3, '08', '????? ????'),
(79, 3, '09', '????????'),
(80, 3, '10', '????? ???????'),
(81, 3, '11', '????? ???????'),
(82, 3, '12', '????? ????'),
(83, 3, '13', '??????'),
(84, 3, '14', '????? ?????'),
(85, 3, '15', '???? ???'),
(86, 3, '16', '????? ???????'),
(87, 3, '17', '????? ??? ??????'),
(88, 3, '18', '????? ????'),
(89, 3, '19', '????? ????'),
(90, 3, '20', '????? ?????'),
(91, 3, '21', '????????'),
(92, 3, '22', '????? ???? ??????'),
(93, 3, '23', '????? ?????'),
(94, 3, '24', '????? ?????'),
(95, 3, '25', '???????'),
(96, 3, '26', '????? ??????'),
(97, 3, '27', '????? ???????'),
(98, 3, '28', '????? ???????'),
(99, 3, '29', '????? ?????'),
(100, 3, '30', '?????'),
(101, 3, '31', '?????'),
(102, 3, '32', '????? ?????'),
(103, 3, '33', '????? ?????'),
(104, 3, '34', '????? ??? ????????'),
(105, 3, '35', '????? ???????'),
(106, 3, '36', '????? ??????'),
(107, 3, '37', '?????'),
(108, 3, '38', '????? ???????'),
(109, 3, '39', '????? ??????'),
(110, 3, '40', '????? ?????'),
(111, 3, '41', '????? ??? ?????'),
(112, 3, '42', '????? ??????'),
(113, 3, '43', '????? ????'),
(114, 3, '44', '????? ??? ??????'),
(115, 3, '45', '????? ???????'),
(116, 3, '46', '????? ??? ??????'),
(117, 3, '47', '????? ??????'),
(118, 3, '48', '????? ??????'),
(119, 4, 'EA', 'Eastern'),
(120, 4, 'MA', 'Manu''a'),
(121, 4, 'RI', 'Rose Island'),
(122, 4, 'SI', 'Swains Island'),
(123, 4, 'WE', 'Western'),
(124, 5, 'AN', 'Andorra la Vella'),
(125, 5, 'CA', 'Canillo'),
(126, 5, 'EN', 'Encamp'),
(127, 5, 'LE', 'Escaldes-Engordany'),
(128, 5, 'LM', 'La Massana'),
(129, 5, 'OR', 'Ordino'),
(130, 5, 'SJ', 'Sant Juli? de L?ria'),
(131, 6, 'BGO', 'Bengo'),
(132, 6, 'BGU', 'Benguela'),
(133, 6, 'BIE', 'Bi'),
(134, 6, 'CAB', 'Cabinda'),
(135, 6, 'CCU', 'Cuando Cubango'),
(136, 6, 'CNO', 'Cuanza Norte'),
(137, 6, 'CUS', 'Cuanza Sul'),
(138, 6, 'CNN', 'Cunene'),
(139, 6, 'HUA', 'Huambo'),
(140, 6, 'HUI', 'Hu?la'),
(141, 6, 'LUA', 'Luanda'),
(142, 6, 'LNO', 'Lunda Norte'),
(143, 6, 'LSU', 'Lunda Sul'),
(144, 6, 'MAL', 'Malanje'),
(145, 6, 'MOX', 'Moxico'),
(146, 6, 'NAM', 'Namibe'),
(147, 6, 'UIG', 'U?ge'),
(148, 6, 'ZAI', 'Zaire'),
(149, 9, 'BAR', 'Barbuda'),
(150, 9, 'SGE', 'Saint George'),
(151, 9, 'SJO', 'Saint John'),
(152, 9, 'SMA', 'Saint Mary'),
(153, 9, 'SPA', 'Saint Paul'),
(154, 9, 'SPE', 'Saint Peter'),
(155, 9, 'SPH', 'Saint Philip'),
(156, 10, 'A', 'Salta'),
(157, 10, 'B', 'Buenos Aires Province'),
(158, 10, 'C', 'Capital Federal'),
(159, 10, 'D', 'San Luis'),
(160, 10, 'E', 'Entre R?os'),
(161, 10, 'F', 'La Rioja'),
(162, 10, 'G', 'Santiago del Estero'),
(163, 10, 'H', 'Chaco'),
(164, 10, 'J', 'San Juan'),
(165, 10, 'K', 'Catamarca'),
(166, 10, 'L', 'La Pampa'),
(167, 10, 'M', 'Mendoza'),
(168, 10, 'N', 'Misiones'),
(169, 10, 'P', 'Formosa'),
(170, 10, 'Q', 'Neuqu'),
(171, 10, 'R', 'R?o Negro'),
(172, 10, 'S', 'Santa Fe'),
(173, 10, 'T', 'Tucum'),
(174, 10, 'U', 'Chubut'),
(175, 10, 'V', 'Tierra del Fuego'),
(176, 10, 'W', 'Corrientes'),
(177, 10, 'X', 'C?rdoba'),
(178, 10, 'Y', 'Jujuy'),
(179, 10, 'Z', 'Santa Cruz'),
(180, 11, 'AG', '?????????'),
(181, 11, 'AR', '??????'),
(182, 11, 'AV', '???????'),
(183, 11, 'ER', '?????'),
(184, 11, 'GR', '???????????'),
(185, 11, 'KT', '??????'),
(186, 11, 'LO', '????'),
(187, 11, 'SH', '?????'),
(188, 11, 'SU', '???????'),
(189, 11, 'TV', '??????'),
(190, 11, 'VD', '????? ???'),
(191, 13, 'ACT', 'Australian Capital Territory'),
(192, 13, 'NSW', 'New South Wales'),
(193, 13, 'NT', 'Northern Territory'),
(194, 13, 'QLD', 'Queensland'),
(195, 13, 'SA', 'South Australia'),
(196, 13, 'TAS', 'Tasmania'),
(197, 13, 'VIC', 'Victoria'),
(198, 13, 'WA', 'Western Australia'),
(199, 14, '1', 'Burgenland'),
(200, 14, '2', 'K?rnten'),
(201, 14, '3', 'Nieder?sterreich'),
(202, 14, '4', 'Ober?sterreich'),
(203, 14, '5', 'Salzburg'),
(204, 14, '6', 'Steiermark'),
(205, 14, '7', 'Tirol'),
(206, 14, '8', 'Voralberg'),
(207, 14, '9', 'Wien'),
(208, 15, 'AB', '?li Bayraml?'),
(209, 15, 'ABS', 'Ab?eron'),
(210, 15, 'AGC', 'A?cab?di'),
(211, 15, 'AGM', 'A?dam'),
(212, 15, 'AGS', 'A?da?'),
(213, 15, 'AGA', 'A?stafa'),
(214, 15, 'AGU', 'A?su'),
(215, 15, 'AST', 'Astara'),
(216, 15, 'BA', 'Bak?'),
(217, 15, 'BAB', 'Bab?k'),
(218, 15, 'BAL', 'Balak?n'),
(219, 15, 'BAR', 'B?rd?'),
(220, 15, 'BEY', 'Beyl?qan'),
(221, 15, 'BIL', 'Bil?suvar'),
(222, 15, 'CAB', 'C?bray?l'),
(223, 15, 'CAL', 'C?lilabab'),
(224, 15, 'CUL', 'Julfa'),
(225, 15, 'DAS', 'Da?k?s?n'),
(226, 15, 'DAV', 'D?v?'),
(227, 15, 'FUZ', 'F?zuli'),
(228, 15, 'GA', 'G?nc?'),
(229, 15, 'GAD', 'G?d?b?y'),
(230, 15, 'GOR', 'Goranboy'),
(231, 15, 'GOY', 'G?y?ay'),
(232, 15, 'HAC', 'Hac?qabul'),
(233, 15, 'IMI', '?mi?li'),
(234, 15, 'ISM', '?smay?ll?'),
(235, 15, 'KAL', 'K?lb?c?r'),
(236, 15, 'KUR', 'K?rd?mir'),
(237, 15, 'LA', 'L?nk?ran'),
(238, 15, 'LAC', 'La??n'),
(239, 15, 'LAN', 'L?nk?ran'),
(240, 15, 'LER', 'Lerik'),
(241, 15, 'MAS', 'Masall?'),
(242, 15, 'MI', 'Ming??evir'),
(243, 15, 'NA', 'Naftalan'),
(244, 15, 'NEF', 'Neft?ala'),
(245, 15, 'OGU', 'O?uz'),
(246, 15, 'ORD', 'Ordubad'),
(247, 15, 'QAB', 'Q?b?l?'),
(248, 15, 'QAX', 'Qax'),
(249, 15, 'QAZ', 'Qazax'),
(250, 15, 'QOB', 'Qobustan'),
(251, 15, 'QBA', 'Quba'),
(252, 15, 'QBI', 'Qubadl?'),
(253, 15, 'QUS', 'Qusar'),
(254, 15, 'SA', '??ki'),
(255, 15, 'SAT', 'Saatl?'),
(256, 15, 'SAB', 'Sabirabad'),
(257, 15, 'SAD', 'S?d?r?k'),
(258, 15, 'SAH', '?ahbuz'),
(259, 15, 'SAK', '??ki'),
(260, 15, 'SAL', 'Salyan'),
(261, 15, 'SM', 'Sumqay?t'),
(262, 15, 'SMI', '?amax?'),
(263, 15, 'SKR', '??mkir'),
(264, 15, 'SMX', 'Samux'),
(265, 15, 'SAR', '??rur'),
(266, 15, 'SIY', 'Siy?z?n'),
(267, 15, 'SS', '?u?a (City)'),
(268, 15, 'SUS', '?u?a'),
(269, 15, 'TAR', 'T?rt?r'),
(270, 15, 'TOV', 'Tovuz'),
(271, 15, 'UCA', 'Ucar'),
(272, 15, 'XA', 'Xank?ndi'),
(273, 15, 'XAC', 'Xa?maz'),
(274, 15, 'XAN', 'Xanlar'),
(275, 15, 'XIZ', 'X?z?'),
(276, 15, 'XCI', 'Xocal?'),
(277, 15, 'XVD', 'Xocav?nd'),
(278, 15, 'YAR', 'Yard?ml?'),
(279, 15, 'YE', 'Yevlax (City)'),
(280, 15, 'YEV', 'Yevlax'),
(281, 15, 'ZAN', 'Z?ngilan'),
(282, 15, 'ZAQ', 'Zaqatala'),
(283, 15, 'ZAR', 'Z?rdab'),
(284, 15, 'NX', 'Nakhichevan'),
(285, 16, 'AC', 'Acklins and Crooked Islands'),
(286, 16, 'BI', 'Bimini'),
(287, 16, 'CI', 'Cat Island'),
(288, 16, 'EX', 'Exuma'),
(289, 16, 'FR', 'Freeport'),
(290, 16, 'FC', 'Fresh Creek'),
(291, 16, 'GH', 'Governor''s Harbour'),
(292, 16, 'GT', 'Green Turtle Cay'),
(293, 16, 'HI', 'Harbour Island'),
(294, 16, 'HR', 'High Rock'),
(295, 16, 'IN', 'Inagua'),
(296, 16, 'KB', 'Kemps Bay'),
(297, 16, 'LI', 'Long Island'),
(298, 16, 'MH', 'Marsh Harbour'),
(299, 16, 'MA', 'Mayaguana'),
(300, 16, 'NP', 'New Providence'),
(301, 16, 'NT', 'Nicholls Town and Berry Islands'),
(302, 16, 'RI', 'Ragged Island'),
(303, 16, 'RS', 'Rock Sound'),
(304, 16, 'SS', 'San Salvador and Rum Cay'),
(305, 16, 'SP', 'Sandy Point'),
(306, 17, '01', '????'),
(307, 17, '02', '??????'),
(308, 17, '03', '???????'),
(309, 17, '04', '?? ???'),
(310, 17, '05', '??????? ????????'),
(311, 17, '06', '????'),
(312, 17, '07', '??????? ??????'),
(313, 17, '08', '????? ????'),
(314, 17, '09', '?????? ???????? ????????'),
(315, 17, '10', '??????? ???????'),
(316, 17, '11', '??? ????'),
(317, 17, '12', '????? ???'),
(318, 18, '01', 'Bandarban'),
(319, 18, '02', 'Barguna'),
(320, 18, '03', 'Bogra'),
(321, 18, '04', 'Brahmanbaria'),
(322, 18, '05', 'Bagerhat'),
(323, 18, '06', 'Barisal'),
(324, 18, '07', 'Bhola'),
(325, 18, '08', 'Comilla'),
(326, 18, '09', 'Chandpur'),
(327, 18, '10', 'Chittagong'),
(328, 18, '11', 'Cox''s Bazar'),
(329, 18, '12', 'Chuadanga'),
(330, 18, '13', 'Dhaka'),
(331, 18, '14', 'Dinajpur'),
(332, 18, '15', 'Faridpur'),
(333, 18, '16', 'Feni'),
(334, 18, '17', 'Gopalganj'),
(335, 18, '18', 'Gazipur'),
(336, 18, '19', 'Gaibandha'),
(337, 18, '20', 'Habiganj'),
(338, 18, '21', 'Jamalpur'),
(339, 18, '22', 'Jessore'),
(340, 18, '23', 'Jhenaidah'),
(341, 18, '24', 'Jaipurhat'),
(342, 18, '25', 'Jhalakati'),
(343, 18, '26', 'Kishoreganj'),
(344, 18, '27', 'Khulna'),
(345, 18, '28', 'Kurigram'),
(346, 18, '29', 'Khagrachari'),
(347, 18, '30', 'Kushtia'),
(348, 18, '31', 'Lakshmipur'),
(349, 18, '32', 'Lalmonirhat'),
(350, 18, '33', 'Manikganj'),
(351, 18, '34', 'Mymensingh'),
(352, 18, '35', 'Munshiganj'),
(353, 18, '36', 'Madaripur'),
(354, 18, '37', 'Magura'),
(355, 18, '38', 'Moulvibazar'),
(356, 18, '39', 'Meherpur'),
(357, 18, '40', 'Narayanganj'),
(358, 18, '41', 'Netrakona'),
(359, 18, '42', 'Narsingdi'),
(360, 18, '43', 'Narail'),
(361, 18, '44', 'Natore'),
(362, 18, '45', 'Nawabganj'),
(363, 18, '46', 'Nilphamari'),
(364, 18, '47', 'Noakhali'),
(365, 18, '48', 'Naogaon'),
(366, 18, '49', 'Pabna'),
(367, 18, '50', 'Pirojpur'),
(368, 18, '51', 'Patuakhali'),
(369, 18, '52', 'Panchagarh'),
(370, 18, '53', 'Rajbari'),
(371, 18, '54', 'Rajshahi'),
(372, 18, '55', 'Rangpur'),
(373, 18, '56', 'Rangamati'),
(374, 18, '57', 'Sherpur'),
(375, 18, '58', 'Satkhira'),
(376, 18, '59', 'Sirajganj'),
(377, 18, '60', 'Sylhet'),
(378, 18, '61', 'Sunamganj'),
(379, 18, '62', 'Shariatpur'),
(380, 18, '63', 'Tangail'),
(381, 18, '64', 'Thakurgaon'),
(382, 19, 'A', 'Saint Andrew'),
(383, 19, 'C', 'Christ Church'),
(384, 19, 'E', 'Saint Peter'),
(385, 19, 'G', 'Saint George'),
(386, 19, 'J', 'Saint John'),
(387, 19, 'L', 'Saint Lucy'),
(388, 19, 'M', 'Saint Michael'),
(389, 19, 'O', 'Saint Joseph'),
(390, 19, 'P', 'Saint Philip'),
(391, 19, 'S', 'Saint James'),
(392, 19, 'T', 'Saint Thomas'),
(393, 20, 'BR', '????????? ?????????'),
(394, 20, 'HO', '??????????? ?????????'),
(395, 20, 'HR', '???????????? ?????????'),
(396, 20, 'MA', '??????????? ?????????'),
(397, 20, 'MI', '???????? ?????????'),
(398, 20, 'VI', '?????????? ?????????'),
(399, 21, 'BRU', 'Brussel'),
(400, 21, 'VAN', 'Antwerpen'),
(401, 21, 'VBR', 'Vlaams-Brabant'),
(402, 21, 'VLI', 'Limburg'),
(403, 21, 'VOV', 'Oost-Vlaanderen'),
(404, 21, 'VWV', 'West-Vlaanderen'),
(405, 21, 'WBR', 'Brabant Wallon'),
(406, 21, 'WHT', 'Hainaut'),
(407, 21, 'WLG', 'Li?ge/L?ttich'),
(408, 21, 'WLX', 'Luxembourg'),
(409, 21, 'WNA', 'Namur'),
(410, 22, 'BZ', 'Belize District'),
(411, 22, 'CY', 'Cayo District'),
(412, 22, 'CZL', 'Corozal District'),
(413, 22, 'OW', 'Orange Walk District'),
(414, 22, 'SC', 'Stann Creek District'),
(415, 22, 'TOL', 'Toledo District'),
(416, 23, 'AL', 'Alibori'),
(417, 23, 'AK', 'Atakora'),
(418, 23, 'AQ', 'Atlantique'),
(419, 23, 'BO', 'Borgou'),
(420, 23, 'CO', 'Collines'),
(421, 23, 'DO', 'Donga'),
(422, 23, 'KO', 'Kouffo'),
(423, 23, 'LI', 'Littoral'),
(424, 23, 'MO', 'Mono'),
(425, 23, 'OU', 'Ou?m'),
(426, 23, 'PL', 'Plateau'),
(427, 23, 'ZO', 'Zou'),
(428, 24, 'DEV', 'Devonshire'),
(429, 24, 'HA', 'Hamilton City'),
(430, 24, 'HAM', 'Hamilton'),
(431, 24, 'PAG', 'Paget'),
(432, 24, 'PEM', 'Pembroke'),
(433, 24, 'SAN', 'Sandys'),
(434, 24, 'SG', 'Saint George City'),
(435, 24, 'SGE', 'Saint George''s'),
(436, 24, 'SMI', 'Smiths'),
(437, 24, 'SOU', 'Southampton'),
(438, 24, 'WAR', 'Warwick'),
(439, 25, '11', 'Paro'),
(440, 25, '12', 'Chukha'),
(441, 25, '13', 'Haa'),
(442, 25, '14', 'Samtse'),
(443, 25, '15', 'Thimphu'),
(444, 25, '21', 'Tsirang'),
(445, 25, '22', 'Dagana'),
(446, 25, '23', 'Punakha'),
(447, 25, '24', 'Wangdue Phodrang'),
(448, 25, '31', 'Sarpang'),
(449, 25, '32', 'Trongsa'),
(450, 25, '33', 'Bumthang'),
(451, 25, '34', 'Zhemgang'),
(452, 25, '41', 'Trashigang'),
(453, 25, '42', 'Mongar'),
(454, 25, '43', 'Pemagatshel'),
(455, 25, '44', 'Luentse'),
(456, 25, '45', 'Samdrup Jongkhar'),
(457, 25, 'GA', 'Gasa'),
(458, 25, 'TY', 'Trashiyangse'),
(459, 26, 'B', 'El Beni'),
(460, 26, 'C', 'Cochabamba'),
(461, 26, 'H', 'Chuquisaca'),
(462, 26, 'L', 'La Paz'),
(463, 26, 'N', 'Pando'),
(464, 26, 'O', 'Oruro'),
(465, 26, 'P', 'Potos'),
(466, 26, 'S', 'Santa Cruz'),
(467, 26, 'T', 'Tarija'),
(468, 28, 'CE', 'Central'),
(469, 28, 'GH', 'Ghanzi'),
(470, 28, 'KG', 'Kgalagadi'),
(471, 28, 'KL', 'Kgatleng'),
(472, 28, 'KW', 'Kweneng'),
(473, 28, 'NE', 'North-East'),
(474, 28, 'NW', 'North-West'),
(475, 28, 'SE', 'South-East'),
(476, 28, 'SO', 'Southern'),
(477, 30, 'AC', 'Acre'),
(478, 30, 'AL', 'Alagoas'),
(479, 30, 'AM', 'Amaz?nia'),
(480, 30, 'AP', 'Amap'),
(481, 30, 'BA', 'Bahia'),
(482, 30, 'CE', 'Cear'),
(483, 30, 'DF', 'Distrito Federal'),
(484, 30, 'ES', 'Esp?rito Santo'),
(485, 30, 'GO', 'Goi'),
(486, 30, 'MA', 'Maranh'),
(487, 30, 'MG', 'Minas Gerais'),
(488, 30, 'MS', 'Mato Grosso do Sul'),
(489, 30, 'MT', 'Mato Grosso'),
(490, 30, 'PA', 'Par'),
(491, 30, 'PB', 'Para?ba'),
(492, 30, 'PE', 'Pernambuco'),
(493, 30, 'PI', 'Piau'),
(494, 30, 'PR', 'Paran'),
(495, 30, 'RJ', 'Rio de Janeiro'),
(496, 30, 'RN', 'Rio Grande do Norte'),
(497, 30, 'RO', 'Rond?nia'),
(498, 30, 'RR', 'Roraima'),
(499, 30, 'RS', 'Rio Grande do Sul'),
(500, 30, 'SC', 'Santa Catarina'),
(501, 30, 'SE', 'Sergipe'),
(502, 30, 'SP', 'S?o Paulo'),
(503, 30, 'TO', 'Tocantins'),
(504, 31, 'PB', 'Peros Banhos'),
(505, 31, 'SI', 'Salomon Islands'),
(506, 31, 'NI', 'Nelsons Island'),
(507, 31, 'TB', 'Three Brothers'),
(508, 31, 'EA', 'Eagle Islands'),
(509, 31, 'DI', 'Danger Island'),
(510, 31, 'EG', 'Egmont Islands'),
(511, 31, 'DG', 'Diego Garcia'),
(512, 32, 'BE', 'Belait'),
(513, 32, 'BM', 'Brunei-Muara'),
(514, 32, 'TE', 'Temburong'),
(515, 32, 'TU', 'Tutong'),
(516, 33, '01', 'Blagoevgrad'),
(517, 33, '02', 'Burgas'),
(518, 33, '03', 'Varna'),
(519, 33, '04', 'Veliko Tarnovo'),
(520, 33, '05', 'Vidin'),
(521, 33, '06', 'Vratsa'),
(522, 33, '07', 'Gabrovo'),
(523, 33, '08', 'Dobrich'),
(524, 33, '09', 'Kardzhali'),
(525, 33, '10', 'Kyustendil'),
(526, 33, '11', 'Lovech'),
(527, 33, '12', 'Montana'),
(528, 33, '13', 'Pazardzhik'),
(529, 33, '14', 'Pernik'),
(530, 33, '15', 'Pleven'),
(531, 33, '16', 'Plovdiv'),
(532, 33, '17', 'Razgrad'),
(533, 33, '18', 'Ruse'),
(534, 33, '19', 'Silistra'),
(535, 33, '20', 'Sliven'),
(536, 33, '21', 'Smolyan'),
(537, 33, '23', 'Sofia'),
(538, 33, '22', 'Sofia Province'),
(539, 33, '24', 'Stara Zagora'),
(540, 33, '25', 'Targovishte'),
(541, 33, '26', 'Haskovo'),
(542, 33, '27', 'Shumen'),
(543, 33, '28', 'Yambol'),
(544, 34, 'BAL', 'Bal'),
(545, 34, 'BAM', 'Bam'),
(546, 34, 'BAN', 'Banwa'),
(547, 34, 'BAZ', 'Baz?ga'),
(548, 34, 'BGR', 'Bougouriba'),
(549, 34, 'BLG', 'Boulgou'),
(550, 34, 'BLK', 'Boulkiemd'),
(551, 34, 'COM', 'Komo'),
(552, 34, 'GAN', 'Ganzourgou'),
(553, 34, 'GNA', 'Gnagna'),
(554, 34, 'GOU', 'Gourma'),
(555, 34, 'HOU', 'Houet'),
(556, 34, 'IOB', 'Ioba'),
(557, 34, 'KAD', 'Kadiogo'),
(558, 34, 'KEN', 'K?n?dougou'),
(559, 34, 'KMD', 'Komondjari'),
(560, 34, 'KMP', 'Kompienga'),
(561, 34, 'KOP', 'Koulp?logo'),
(562, 34, 'KOS', 'Kossi'),
(563, 34, 'KOT', 'Kouritenga'),
(564, 34, 'KOW', 'Kourw?ogo'),
(565, 34, 'LER', 'L?raba'),
(566, 34, 'LOR', 'Loroum'),
(567, 34, 'MOU', 'Mouhoun'),
(568, 34, 'NAM', 'Namentenga'),
(569, 34, 'NAO', 'Naouri'),
(570, 34, 'NAY', 'Nayala'),
(571, 34, 'NOU', 'Noumbiel'),
(572, 34, 'OUB', 'Oubritenga'),
(573, 34, 'OUD', 'Oudalan'),
(574, 34, 'PAS', 'Passor'),
(575, 34, 'PON', 'Poni'),
(576, 34, 'SEN', 'S?no'),
(577, 34, 'SIS', 'Sissili'),
(578, 34, 'SMT', 'Sanmatenga'),
(579, 34, 'SNG', 'Sangui'),
(580, 34, 'SOM', 'Soum'),
(581, 34, 'SOR', 'Sourou'),
(582, 34, 'TAP', 'Tapoa'),
(583, 34, 'TUI', 'Tui'),
(584, 34, 'YAG', 'Yagha'),
(585, 34, 'YAT', 'Yatenga'),
(586, 34, 'ZIR', 'Ziro'),
(587, 34, 'ZON', 'Zondoma'),
(588, 34, 'ZOU', 'Zoundw?ogo'),
(589, 35, 'BB', 'Bubanza'),
(590, 35, 'BJ', 'Bujumbura Mairie'),
(591, 35, 'BR', 'Bururi'),
(592, 35, 'CA', 'Cankuzo'),
(593, 35, 'CI', 'Cibitoke'),
(594, 35, 'GI', 'Gitega'),
(595, 35, 'KR', 'Karuzi'),
(596, 35, 'KY', 'Kayanza'),
(597, 35, 'KI', 'Kirundo'),
(598, 35, 'MA', 'Makamba'),
(599, 35, 'MU', 'Muramvya'),
(600, 35, 'MY', 'Muyinga'),
(601, 35, 'MW', 'Mwaro'),
(602, 35, 'NG', 'Ngozi'),
(603, 35, 'RT', 'Rutana'),
(604, 35, 'RY', 'Ruyigi'),
(605, 37, 'AD', 'Adamaoua'),
(606, 37, 'CE', 'Centre'),
(607, 37, 'EN', 'Extr?me-Nord'),
(608, 37, 'ES', 'Est'),
(609, 37, 'LT', 'Littoral'),
(610, 37, 'NO', 'Nord'),
(611, 37, 'NW', 'Nord-Ouest'),
(612, 37, 'OU', 'Ouest'),
(613, 37, 'SU', 'Sud'),
(614, 37, 'SW', 'Sud-Ouest'),
(615, 38, 'AB', 'Alberta'),
(616, 38, 'BC', 'British Columbia'),
(617, 38, 'MB', 'Manitoba'),
(618, 38, 'NB', 'New Brunswick'),
(619, 38, 'NL', 'Newfoundland and Labrador'),
(620, 38, 'NS', 'Nova Scotia'),
(621, 38, 'NT', 'Northwest Territories'),
(622, 38, 'NU', 'Nunavut'),
(623, 38, 'ON', 'Ontario'),
(624, 38, 'PE', 'Prince Edward Island'),
(625, 38, 'QC', 'Quebec'),
(626, 38, 'SK', 'Saskatchewan'),
(627, 38, 'YT', 'Yukon Territory'),
(628, 39, 'BR', 'Brava'),
(629, 39, 'BV', 'Boa Vista'),
(630, 39, 'CA', 'Santa Catarina'),
(631, 39, 'CR', 'Santa Cruz'),
(632, 39, 'CS', 'Calheta de S?o Miguel'),
(633, 39, 'MA', 'Maio'),
(634, 39, 'MO', 'Mosteiros'),
(635, 39, 'PA', 'Pa?l'),
(636, 39, 'PN', 'Porto Novo'),
(637, 39, 'PR', 'Praia'),
(638, 39, 'RG', 'Ribeira Grande'),
(639, 39, 'SD', 'S?o Domingos'),
(640, 39, 'SF', 'S?o Filipe'),
(641, 39, 'SL', 'Sal'),
(642, 39, 'SN', 'S?o Nicolau'),
(643, 39, 'SV', 'S?o Vicente'),
(644, 39, 'TA', 'Tarrafal'),
(645, 40, 'CR', 'Creek'),
(646, 40, 'EA', 'Eastern'),
(647, 40, 'MI', 'Midland'),
(648, 40, 'SO', 'South Town'),
(649, 40, 'SP', 'Spot Bay'),
(650, 40, 'ST', 'Stake Bay'),
(651, 40, 'WD', 'West End'),
(652, 40, 'WN', 'Western'),
(653, 41, 'AC ', 'Ouham'),
(654, 41, 'BB ', 'Bamingui-Bangoran'),
(655, 41, 'BGF', 'Bangui'),
(656, 41, 'BK ', 'Basse-Kotto'),
(657, 41, 'HK ', 'Haute-Kotto'),
(658, 41, 'HM ', 'Haut-Mbomou'),
(659, 41, 'HS ', 'Mamb?r?-Kad'),
(660, 41, 'KB ', 'Nana-Gr?bizi'),
(661, 41, 'KG ', 'K?mo'),
(662, 41, 'LB ', 'Lobaye'),
(663, 41, 'MB ', 'Mbomou'),
(664, 41, 'MP ', 'Ombella-M''Poko'),
(665, 41, 'NM ', 'Nana-Mamb?r'),
(666, 41, 'OP ', 'Ouham-Pend'),
(667, 41, 'SE ', 'Sangha-Mba?r'),
(668, 41, 'UK ', 'Ouaka'),
(669, 41, 'VR ', 'Vakaga'),
(670, 42, 'BA ', 'Batha'),
(671, 42, 'BET', 'Borkou-Ennedi-Tibesti'),
(672, 42, 'BI ', 'Biltine'),
(673, 42, 'CB ', 'Chari-Baguirmi'),
(674, 42, 'GR ', 'Gu?ra'),
(675, 42, 'KA ', 'Kanem'),
(676, 42, 'LC ', 'Lac'),
(677, 42, 'LR ', 'Logone-Oriental'),
(678, 42, 'LO ', 'Logone-Occidental'),
(679, 42, 'MC ', 'Moyen-Chari'),
(680, 42, 'MK ', 'Mayo-K?bbi'),
(681, 42, 'OD ', 'Ouadda'),
(682, 42, 'SA ', 'Salamat'),
(683, 42, 'TA ', 'Tandjil'),
(684, 43, 'AI', 'Ais?n del General Carlos Iba?ez'),
(685, 43, 'AN', 'Antofagasta'),
(686, 43, 'AR', 'La Araucan'),
(687, 43, 'AT', 'Atacama'),
(688, 43, 'BI', 'Biob'),
(689, 43, 'CO', 'Coquimbo'),
(690, 43, 'LI', 'Libertador Bernardo O''Higgins'),
(691, 43, 'LL', 'Los Lagos'),
(692, 43, 'MA', 'Magallanes y de la Antartica'),
(693, 43, 'ML', 'Maule'),
(694, 43, 'RM', 'Metropolitana de Santiago'),
(695, 43, 'TA', 'Tarapac'),
(696, 43, 'VS', 'Valpara?so'),
(697, 44, '11', '??'),
(698, 44, '12', '??'),
(699, 44, '13', '??'),
(700, 44, '14', '??'),
(701, 44, '15', '??????'),
(702, 44, '21', '??'),
(703, 44, '22', '??'),
(704, 44, '23', '????'),
(705, 44, '31', '??'),
(706, 44, '32', '??'),
(707, 44, '33', '??'),
(708, 44, '34', '??'),
(709, 44, '35', '??'),
(710, 44, '36', '??'),
(711, 44, '37', '??'),
(712, 44, '41', '??'),
(713, 44, '42', '??'),
(714, 44, '43', '??'),
(715, 44, '44', '??'),
(716, 44, '45', '???????'),
(717, 44, '46', '??'),
(718, 44, '50', '??'),
(719, 44, '51', '??'),
(720, 44, '52', '??'),
(721, 44, '53', '??'),
(722, 44, '54', '?????'),
(723, 44, '61', '??'),
(724, 44, '62', '??'),
(725, 44, '63', '??'),
(726, 44, '64', '??'),
(727, 44, '65', '??'),
(728, 44, '71', '??'),
(729, 44, '91', '??'),
(730, 44, '92', '??'),
(731, 46, 'D', 'Direction Island'),
(732, 46, 'H', 'Home Island'),
(733, 46, 'O', 'Horsburgh Island'),
(734, 46, 'S', 'South Island'),
(735, 46, 'W', 'West Island'),
(736, 47, 'AMA', 'Amazonas'),
(737, 47, 'ANT', 'Antioquia'),
(738, 47, 'ARA', 'Arauca'),
(739, 47, 'ATL', 'Atl?ntico'),
(740, 47, 'BOL', 'Bol?var'),
(741, 47, 'BOY', 'Boyac'),
(742, 47, 'CAL', 'Caldas'),
(743, 47, 'CAQ', 'Caquet'),
(744, 47, 'CAS', 'Casanare'),
(745, 47, 'CAU', 'Cauca'),
(746, 47, 'CES', 'Cesar'),
(747, 47, 'CHO', 'Choc?'),
(748, 47, 'COR', 'C?rdoba'),
(749, 47, 'CUN', 'Cundinamarca'),
(750, 47, 'DC', 'Bogot? Distrito Capital'),
(751, 47, 'GUA', 'Guain'),
(752, 47, 'GUV', 'Guaviare'),
(753, 47, 'HUI', 'Huila'),
(754, 47, 'LAG', 'La Guajira'),
(755, 47, 'MAG', 'Magdalena'),
(756, 47, 'MET', 'Meta'),
(757, 47, 'NAR', 'Nari?o'),
(758, 47, 'NSA', 'Norte de Santander'),
(759, 47, 'PUT', 'Putumayo'),
(760, 47, 'QUI', 'Quind'),
(761, 47, 'RIS', 'Risaralda'),
(762, 47, 'SAN', 'Santander'),
(763, 47, 'SAP', 'San Andr?s y Providencia'),
(764, 47, 'SUC', 'Sucre'),
(765, 47, 'TOL', 'Tolima'),
(766, 47, 'VAC', 'Valle del Cauca'),
(767, 47, 'VAU', 'Vaup'),
(768, 47, 'VID', 'Vichada'),
(769, 48, 'A', 'Anjouan'),
(770, 48, 'G', 'Grande Comore'),
(771, 48, 'M', 'Moh?li'),
(772, 49, 'BC', 'Congo-Central'),
(773, 49, 'BN', 'Bandundu'),
(774, 49, 'EQ', '?quateur'),
(775, 49, 'KA', 'Katanga'),
(776, 49, 'KE', 'Kasai-Oriental'),
(777, 49, 'KN', 'Kinshasa'),
(778, 49, 'KW', 'Kasai-Occidental'),
(779, 49, 'MA', 'Maniema'),
(780, 49, 'NK', 'Nord-Kivu'),
(781, 49, 'OR', 'Orientale'),
(782, 49, 'SK', 'Sud-Kivu'),
(783, 50, 'PU', 'Pukapuka'),
(784, 50, 'RK', 'Rakahanga'),
(785, 50, 'MK', 'Manihiki'),
(786, 50, 'PE', 'Penrhyn'),
(787, 50, 'NI', 'Nassau Island'),
(788, 50, 'SU', 'Surwarrow'),
(789, 50, 'PA', 'Palmerston'),
(790, 50, 'AI', 'Aitutaki'),
(791, 50, 'MA', 'Manuae'),
(792, 50, 'TA', 'Takutea'),
(793, 50, 'MT', 'Mitiaro'),
(794, 50, 'AT', 'Atiu'),
(795, 50, 'MU', 'Mauke'),
(796, 50, 'RR', 'Rarotonga'),
(797, 50, 'MG', 'Mangaia'),
(798, 51, 'A', 'Alajuela'),
(799, 51, 'C', 'Cartago'),
(800, 51, 'G', 'Guanacaste'),
(801, 51, 'H', 'Heredia'),
(802, 51, 'L', 'Lim?n'),
(803, 51, 'P', 'Puntarenas'),
(804, 51, 'SJ', 'San Jos'),
(805, 52, '01', 'Lagunes'),
(806, 52, '02', 'Haut-Sassandra'),
(807, 52, '03', 'Savanes'),
(808, 52, '04', 'Vall?e du Bandama'),
(809, 52, '05', 'Moyen-Como'),
(810, 52, '06', 'Dix-Huit'),
(811, 52, '07', 'Lacs'),
(812, 52, '08', 'Zanzan'),
(813, 52, '09', 'Bas-Sassandra'),
(814, 52, '10', 'Dengu?l'),
(815, 52, '11', 'N''zi-Como'),
(816, 52, '12', 'Marahou'),
(817, 52, '13', 'Sud-Como'),
(818, 52, '14', 'Worodouqou'),
(819, 52, '15', 'Sud-Bandama'),
(820, 52, '16', 'Agn?bi'),
(821, 52, '17', 'Bafing'),
(822, 52, '18', 'Fromager'),
(823, 52, '19', 'Moyen-Cavally'),
(824, 53, '01', 'Zagreba?ka ?upanija'),
(825, 53, '02', 'Krapinsko-zagorska ?upanija'),
(826, 53, '03', 'Sisa?ko-moslava?ka ?upanija'),
(827, 53, '04', 'Karlova?ka ?upanija'),
(828, 53, '05', 'Vara?dinska ?upanija'),
(829, 53, '06', 'Koprivni?ko-kri?eva?ka ?upanija'),
(830, 53, '07', 'Bjelovarsko-bilogorska ?upanija'),
(831, 53, '08', 'Primorsko-goranska ?upanija'),
(832, 53, '09', 'Li?ko-senjska ?upanija'),
(833, 53, '10', 'Viroviti?ko-podravska ?upanija'),
(834, 53, '11', 'Po?e?ko-slavonska ?upanija'),
(835, 53, '12', 'Brodsko-posavska ?upanija'),
(836, 53, '13', 'Zadarska ?upanija'),
(837, 53, '14', 'Osje?ko-baranjska ?upanija'),
(838, 53, '15', '? ibensko-kninska ?upanija'),
(839, 53, '16', 'Vukovarsko-srijemska ?upanija'),
(840, 53, '17', 'Splitsko-dalmatinska ?upanija'),
(841, 53, '18', 'Istarska ?upanija'),
(842, 53, '19', 'Dubrova?ko-neretvanska ?upanija'),
(843, 53, '20', 'Me?imurska ?upanija'),
(844, 53, '21', 'Zagreb'),
(845, 54, '01', 'Pinar del R'),
(846, 54, '02', 'La Habana'),
(847, 54, '03', 'Ciudad de La Habana'),
(848, 54, '04', 'Matanzas'),
(849, 54, '05', 'Villa Clara'),
(850, 54, '06', 'Cienfuegos'),
(851, 54, '07', 'Sancti Sp?ritus'),
(852, 54, '08', 'Ciego de ?vila'),
(853, 54, '09', 'Camag?ey'),
(854, 54, '10', 'Las Tunas'),
(855, 54, '11', 'Holgu'),
(856, 54, '12', 'Granma'),
(857, 54, '13', 'Santiago de Cuba'),
(858, 54, '14', 'Guant?namo'),
(859, 54, '99', 'Isla de la Juventud'),
(860, 55, '01', '????v???'),
(861, 55, '02', '????????'),
(862, 55, '03', '??????????'),
(863, 55, '04', '???????'),
(864, 55, '05', '???????'),
(865, 55, '06', '? ????'),
(866, 56, 'JC', 'Jiho?esk? kraj'),
(867, 56, 'JM', 'Jihomoravsk? kraj'),
(868, 56, 'KA', 'Karlovarsk? kraj'),
(869, 56, 'VY', 'Vyso?ina kraj'),
(870, 56, 'KR', 'Kr?lov?hradeck? kraj'),
(871, 56, 'LI', 'Libereck? kraj'),
(872, 56, 'MO', 'Moravskoslezsk? kraj'),
(873, 56, 'OL', 'Olomouck? kraj'),
(874, 56, 'PA', 'Pardubick? kraj'),
(875, 56, 'PL', 'Plze?sk? kraj'),
(876, 56, 'PR', 'Hlavn? m?sto Praha'),
(877, 56, 'ST', 'St?edo?esk? kraj'),
(878, 56, 'US', '?steck? kraj'),
(879, 56, 'ZL', 'Zl?nsk? kraj'),
(880, 57, '040', 'Bornholms Regionskommune'),
(881, 57, '101', 'K?benhavn'),
(882, 57, '147', 'Frederiksberg'),
(883, 57, '070', '?rhus Amt'),
(884, 57, '015', 'K?benhavns Amt'),
(885, 57, '020', 'Frederiksborg Amt'),
(886, 57, '042', 'Fyns Amt'),
(887, 57, '080', 'Nordjyllands Amt'),
(888, 57, '055', 'Ribe Amt'),
(889, 57, '065', 'Ringkj?bing Amt'),
(890, 57, '025', 'Roskilde Amt'),
(891, 57, '050', 'S?nderjyllands Amt'),
(892, 57, '035', 'Storstr?ms Amt'),
(893, 57, '060', 'Vejle Amt'),
(894, 57, '030', 'Vestsj?llands Amt'),
(895, 57, '076', 'Viborg Amt'),
(896, 58, 'AS', 'Region d''Ali Sabieh'),
(897, 58, 'AR', 'Region d''Arta'),
(898, 58, 'DI', 'Region de Dikhil'),
(899, 58, 'DJ', 'Ville de Djibouti'),
(900, 58, 'OB', 'Region d''Obock'),
(901, 58, 'TA', 'Region de Tadjourah'),
(902, 59, 'AND', 'Saint Andrew Parish'),
(903, 59, 'DAV', 'Saint David Parish'),
(904, 59, 'GEO', 'Saint George Parish'),
(905, 59, 'JOH', 'Saint John Parish'),
(906, 59, 'JOS', 'Saint Joseph Parish'),
(907, 59, 'LUK', 'Saint Luke Parish'),
(908, 59, 'MAR', 'Saint Mark Parish'),
(909, 59, 'PAT', 'Saint Patrick Parish'),
(910, 59, 'PAU', 'Saint Paul Parish'),
(911, 59, 'PET', 'Saint Peter Parish'),
(912, 60, '01', 'Distrito Nacional'),
(913, 60, '02', '?zua'),
(914, 60, '03', 'Baoruco'),
(915, 60, '04', 'Barahona'),
(916, 60, '05', 'Dajab?n'),
(917, 60, '06', 'Duarte'),
(918, 60, '07', 'El?as Pi?a'),
(919, 60, '08', 'El Seibo'),
(920, 60, '09', 'Espaillat'),
(921, 60, '10', 'Independencia'),
(922, 60, '11', 'La Altagracia'),
(923, 60, '12', 'La Romana'),
(924, 60, '13', 'La Vega'),
(925, 60, '14', 'Mar?a Trinidad S?nchez'),
(926, 60, '15', 'Monte Cristi'),
(927, 60, '16', 'Pedernales'),
(928, 60, '17', 'Peravia'),
(929, 60, '18', 'Puerto Plata'),
(930, 60, '19', 'Salcedo'),
(931, 60, '20', 'Saman'),
(932, 60, '21', 'San Crist?bal'),
(933, 60, '22', 'San Juan'),
(934, 60, '23', 'San Pedro de Macor'),
(935, 60, '24', 'S?nchez Ram?rez'),
(936, 60, '25', 'Santiago'),
(937, 60, '26', 'Santiago Rodr?guez'),
(938, 60, '27', 'Valverde'),
(939, 60, '28', 'Monse?or Nouel'),
(940, 60, '29', 'Monte Plata'),
(941, 60, '30', 'Hato Mayor'),
(942, 61, 'AL', 'Aileu'),
(943, 61, 'AN', 'Ainaro'),
(944, 61, 'BA', 'Baucau'),
(945, 61, 'BO', 'Bobonaro'),
(946, 61, 'CO', 'Cova-Lima'),
(947, 61, 'DI', 'Dili'),
(948, 61, 'ER', 'Ermera'),
(949, 61, 'LA', 'Lautem'),
(950, 61, 'LI', 'Liqui'),
(951, 61, 'MF', 'Manufahi'),
(952, 61, 'MT', 'Manatuto'),
(953, 61, 'OE', 'Oecussi'),
(954, 61, 'VI', 'Viqueque'),
(955, 62, 'A', 'Azuay'),
(956, 62, 'B', 'Bol?var'),
(957, 62, 'C', 'Carchi'),
(958, 62, 'D', 'Orellana'),
(959, 62, 'E', 'Esmeraldas'),
(960, 62, 'F', 'Ca?ar'),
(961, 62, 'G', 'Guayas'),
(962, 62, 'H', 'Chimborazo'),
(963, 62, 'I', 'Imbabura'),
(964, 62, 'L', 'Loja'),
(965, 62, 'M', 'Manab'),
(966, 62, 'N', 'Napo'),
(967, 62, 'O', 'El Oro'),
(968, 62, 'P', 'Pichincha'),
(969, 62, 'R', 'Los R?os'),
(970, 62, 'S', 'Morona-Santiago'),
(971, 62, 'T', 'Tungurahua'),
(972, 62, 'U', 'Sucumb?os'),
(973, 62, 'W', 'Gal?pagos'),
(974, 62, 'X', 'Cotopaxi'),
(975, 62, 'Y', 'Pastaza'),
(976, 62, 'Z', 'Zamora-Chinchipe'),
(977, 63, 'ALX', '??????????'),
(978, 63, 'ASN', '?????'),
(979, 63, 'AST', '?????'),
(980, 63, 'BA', '????? ??????'),
(981, 63, 'BH', '???????'),
(982, 63, 'BNS', '??? ????'),
(983, 63, 'C', '???????'),
(984, 63, 'DK', '????????'),
(985, 63, 'DT', '?????'),
(986, 63, 'FYM', '??????'),
(987, 63, 'GH', '???????'),
(988, 63, 'GZ', '??????'),
(989, 63, 'IS', '???????????'),
(990, 63, 'JS', '???? ?????'),
(991, 63, 'KB', '?????????'),
(992, 63, 'KFS', '??? ?????'),
(993, 63, 'KN', '???'),
(994, 63, 'MN', '?????? ??????'),
(995, 63, 'MNF', '????????'),
(996, 63, 'MT', '?????'),
(997, 63, 'PTS', '?????? ??? ????'),
(998, 63, 'SHG', '?????? ?????'),
(999, 63, 'SHR', '???????? ????????'),
(1000, 63, 'SIN', '???? ?????'),
(1001, 63, 'SUZ', '??????'),
(1002, 63, 'WAD', '?????? ??????'),
(1003, 64, 'AH', 'Ahuachap'),
(1004, 64, 'CA', 'Caba?as'),
(1005, 64, 'CH', 'Chalatenango'),
(1006, 64, 'CU', 'Cuscatl'),
(1007, 64, 'LI', 'La Libertad'),
(1008, 64, 'MO', 'Moraz'),
(1009, 64, 'PA', 'La Paz'),
(1010, 64, 'SA', 'Santa Ana'),
(1011, 64, 'SM', 'San Miguel'),
(1012, 64, 'SO', 'Sonsonate'),
(1013, 64, 'SS', 'San Salvador'),
(1014, 64, 'SV', 'San Vicente'),
(1015, 64, 'UN', 'La Uni?n'),
(1016, 64, 'US', 'Usulut'),
(1017, 65, 'AN', 'Annob?n'),
(1018, 65, 'BN', 'Bioko Norte'),
(1019, 65, 'BS', 'Bioko Sur'),
(1020, 65, 'CS', 'Centro Sur'),
(1021, 65, 'KN', 'Ki?-Ntem'),
(1022, 65, 'LI', 'Litoral'),
(1023, 65, 'WN', 'Wele-Nzas'),
(1024, 66, 'AN', 'Zoba Anseba'),
(1025, 66, 'DK', 'Zoba Debubawi Keyih Bahri'),
(1026, 66, 'DU', 'Zoba Debub'),
(1027, 66, 'GB', 'Zoba Gash-Barka'),
(1028, 66, 'MA', 'Zoba Ma''akel'),
(1029, 66, 'SK', 'Zoba Semienawi Keyih Bahri'),
(1030, 67, '37', 'Harju maakond'),
(1031, 67, '39', 'Hiiu maakond'),
(1032, 67, '44', 'Ida-Viru maakond'),
(1033, 67, '49', 'J?geva maakond'),
(1034, 67, '51', 'J?rva maakond'),
(1035, 67, '57', 'L??ne maakond'),
(1036, 67, '59', 'L??ne-Viru maakond'),
(1037, 67, '65', 'P?lva maakond'),
(1038, 67, '67', 'P?rnu maakond'),
(1039, 67, '70', 'Rapla maakond'),
(1040, 67, '74', 'Saare maakond'),
(1041, 67, '78', 'Tartu maakond'),
(1042, 67, '82', 'Valga maakond'),
(1043, 67, '84', 'Viljandi maakond'),
(1044, 67, '86', 'V?ru maakond'),
(1045, 68, 'AA', '?? ?? ?? ?? ?'),
(1046, 68, 'AF', '?? ??'),
(1047, 68, 'AH', '?? ??'),
(1048, 68, 'BG', '??????-???'),
(1049, 68, 'DD', '????'),
(1050, 68, 'GB', '???? ????'),
(1051, 68, 'HR', '??? ???'),
(1052, 68, 'OR', '????'),
(1053, 68, 'SM', '???'),
(1054, 68, 'SN', '??? ???? ??????? ????'),
(1055, 68, 'TG', '????'),
(1056, 71, 'C', 'Central'),
(1057, 71, 'E', 'Northern'),
(1058, 71, 'N', 'Eastern'),
(1059, 71, 'R', 'Rotuma'),
(1060, 71, 'W', 'Western'),
(1061, 72, 'AL', 'Ahvenanmaan maakunta'),
(1062, 72, 'ES', 'Etel?-Suomen l??ni'),
(1063, 72, 'IS', 'It?-Suomen l??ni'),
(1064, 72, 'LL', 'Lapin l??ni'),
(1065, 72, 'LS', 'L?nsi-Suomen l??ni'),
(1066, 72, 'OL', 'Oulun l??ni'),
(1067, 73, '01', 'Ain'),
(1068, 73, '02', 'Aisne'),
(1069, 73, '03', 'Allier'),
(1070, 73, '04', 'Alpes-de-Haute-Provence'),
(1071, 73, '05', 'Hautes-Alpes'),
(1072, 73, '06', 'Alpes-Maritimes'),
(1073, 73, '07', 'Ard?che'),
(1074, 73, '08', 'Ardennes'),
(1075, 73, '09', 'Ari?ge'),
(1076, 73, '10', 'Aube'),
(1077, 73, '11', 'Aude'),
(1078, 73, '12', 'Aveyron'),
(1079, 73, '13', 'Bouches-du-Rh?ne'),
(1080, 73, '14', 'Calvados'),
(1081, 73, '15', 'Cantal'),
(1082, 73, '16', 'Charente'),
(1083, 73, '17', 'Charente-Maritime'),
(1084, 73, '18', 'Cher'),
(1085, 73, '19', 'Corr?ze'),
(1086, 73, '21', 'C?te-d''Or'),
(1087, 73, '22', 'C?tes-d''Armor'),
(1088, 73, '23', 'Creuse'),
(1089, 73, '24', 'Dordogne'),
(1090, 73, '25', 'Doubs'),
(1091, 73, '26', 'Dr?me'),
(1092, 73, '27', 'Eure'),
(1093, 73, '28', 'Eure-et-Loir'),
(1094, 73, '29', 'Finist?re'),
(1095, 73, '2A', 'Corse-du-Sud'),
(1096, 73, '2B', 'Haute-Corse'),
(1097, 73, '30', 'Gard'),
(1098, 73, '31', 'Haute-Garonne'),
(1099, 73, '32', 'Gers'),
(1100, 73, '33', 'Gironde'),
(1101, 73, '34', 'H?rault'),
(1102, 73, '35', 'Ille-et-Vilaine'),
(1103, 73, '36', 'Indre'),
(1104, 73, '37', 'Indre-et-Loire'),
(1105, 73, '38', 'Is?re'),
(1106, 73, '39', 'Jura'),
(1107, 73, '40', 'Landes'),
(1108, 73, '41', 'Loir-et-Cher'),
(1109, 73, '42', 'Loire'),
(1110, 73, '43', 'Haute-Loire'),
(1111, 73, '44', 'Loire-Atlantique'),
(1112, 73, '45', 'Loiret'),
(1113, 73, '46', 'Lot'),
(1114, 73, '47', 'Lot-et-Garonne'),
(1115, 73, '48', 'Loz?re'),
(1116, 73, '49', 'Maine-et-Loire'),
(1117, 73, '50', 'Manche'),
(1118, 73, '51', 'Marne'),
(1119, 73, '52', 'Haute-Marne'),
(1120, 73, '53', 'Mayenne'),
(1121, 73, '54', 'Meurthe-et-Moselle'),
(1122, 73, '55', 'Meuse'),
(1123, 73, '56', 'Morbihan'),
(1124, 73, '57', 'Moselle'),
(1125, 73, '58', 'Ni?vre'),
(1126, 73, '59', 'Nord'),
(1127, 73, '60', 'Oise'),
(1128, 73, '61', 'Orne'),
(1129, 73, '62', 'Pas-de-Calais'),
(1130, 73, '63', 'Puy-de-D?me'),
(1131, 73, '64', 'Pyr?n?es-Atlantiques'),
(1132, 73, '65', 'Hautes-Pyr?n?es'),
(1133, 73, '66', 'Pyr?n?es-Orientales'),
(1134, 73, '67', 'Bas-Rhin'),
(1135, 73, '68', 'Haut-Rhin'),
(1136, 73, '69', 'Rh?ne'),
(1137, 73, '70', 'Haute-Sa?ne'),
(1138, 73, '71', 'Sa?ne-et-Loire'),
(1139, 73, '72', 'Sarthe'),
(1140, 73, '73', 'Savoie'),
(1141, 73, '74', 'Haute-Savoie'),
(1142, 73, '75', 'Paris'),
(1143, 73, '76', 'Seine-Maritime'),
(1144, 73, '77', 'Seine-et-Marne'),
(1145, 73, '78', 'Yvelines'),
(1146, 73, '79', 'Deux-S?vres'),
(1147, 73, '80', 'Somme'),
(1148, 73, '81', 'Tarn'),
(1149, 73, '82', 'Tarn-et-Garonne'),
(1150, 73, '83', 'Var'),
(1151, 73, '84', 'Vaucluse'),
(1152, 73, '85', 'Vend'),
(1153, 73, '86', 'Vienne'),
(1154, 73, '87', 'Haute-Vienne'),
(1155, 73, '88', 'Vosges'),
(1156, 73, '89', 'Yonne'),
(1157, 73, '90', 'Territoire de Belfort'),
(1158, 73, '91', 'Essonne'),
(1159, 73, '92', 'Hauts-de-Seine'),
(1160, 73, '93', 'Seine-Saint-Denis'),
(1161, 73, '94', 'Val-de-Marne'),
(1162, 73, '95', 'Val-d''Oise'),
(1163, 73, 'NC', 'Territoire des Nouvelle-Cal?donie et Dependances'),
(1164, 73, 'PF', 'Polyn?sie Fran?aise'),
(1165, 73, 'PM', 'Saint-Pierre et Miquelon'),
(1166, 73, 'TF', 'Terres australes et antarctiques fran?aises'),
(1167, 73, 'YT', 'Mayotte'),
(1168, 73, 'WF', 'Territoire des ?les Wallis et Futuna'),
(1169, 76, 'M', 'Archipel des Marquises'),
(1170, 76, 'T', 'Archipel des Tuamotu'),
(1171, 76, 'I', 'Archipel des Tubuai'),
(1172, 76, 'V', 'Iles du Vent'),
(1173, 76, 'S', 'Iles Sous-le-Vent '),
(1174, 77, 'C', 'Iles Crozet'),
(1175, 77, 'K', 'Iles Kerguelen'),
(1176, 77, 'A', 'Ile Amsterdam'),
(1177, 77, 'P', 'Ile Saint-Paul'),
(1178, 77, 'D', 'Adelie Land'),
(1179, 78, 'ES', 'Estuaire'),
(1180, 78, 'HO', 'Haut-Ogooue'),
(1181, 78, 'MO', 'Moyen-Ogooue'),
(1182, 78, 'NG', 'Ngounie'),
(1183, 78, 'NY', 'Nyanga'),
(1184, 78, 'OI', 'Ogooue-Ivindo'),
(1185, 78, 'OL', 'Ogooue-Lolo'),
(1186, 78, 'OM', 'Ogooue-Maritime'),
(1187, 78, 'WN', 'Woleu-Ntem'),
(1188, 79, 'AH', 'Ashanti'),
(1189, 79, 'BA', 'Brong-Ahafo'),
(1190, 79, 'CP', 'Central'),
(1191, 79, 'EP', 'Eastern'),
(1192, 79, 'AA', 'Greater Accra'),
(1193, 79, 'NP', 'Northern'),
(1194, 79, 'UE', 'Upper East'),
(1195, 79, 'UW', 'Upper West'),
(1196, 79, 'TV', 'Volta'),
(1197, 79, 'WP', 'Western'),
(1198, 80, 'AB', '????????'),
(1199, 80, 'AJ', '????? ?'),
(1200, 80, 'GU', '???? ??'),
(1201, 80, 'IM', '????? ???'),
(1202, 80, 'KA', '??????'),
(1203, 80, 'KK', '????? ???? ???'),
(1204, 80, 'MM', '??????-????????'),
(1205, 80, 'RL', '?? ???-??????? ?? ????? ??'),
(1206, 80, 'SJ', '??????-????????'),
(1207, 80, 'SK', '???? ???? ???'),
(1208, 80, 'SZ', '??????? ???-???? ???????'),
(1209, 80, 'TB', '???????'),
(1210, 81, 'BE', 'Berlin'),
(1211, 81, 'BR', 'Brandenburg'),
(1212, 81, 'BW', 'Baden-W?rttemberg'),
(1213, 81, 'BY', 'Bayern'),
(1214, 81, 'HB', 'Bremen'),
(1215, 81, 'HE', 'Hessen'),
(1216, 81, 'HH', 'Hamburg'),
(1217, 81, 'MV', 'Mecklenburg-Vorpommern'),
(1218, 81, 'NI', 'Niedersachsen'),
(1219, 81, 'NW', 'Nordrhein-Westfalen'),
(1220, 81, 'RP', 'Rheinland-Pfalz'),
(1221, 81, 'SH', 'Schleswig-Holstein'),
(1222, 81, 'SL', 'Saarland'),
(1223, 81, 'SN', 'Sachsen'),
(1224, 81, 'ST', 'Sachsen-Anhalt'),
(1225, 81, 'TH', 'Th?ringen'),
(1226, 82, 'AA', 'Greater Accra'),
(1227, 82, 'AH', 'Ashanti'),
(1228, 82, 'BA', 'Brong-Ahafo'),
(1229, 82, 'CP', 'Central'),
(1230, 82, 'EP', 'Eastern'),
(1231, 82, 'NP', 'Northern'),
(1232, 82, 'TV', 'Volta'),
(1233, 82, 'UE', 'Upper East'),
(1234, 82, 'UW', 'Upper West'),
(1235, 82, 'WP', 'Western'),
(1236, 84, '01', '???????????????'),
(1237, 84, '03', '???????'),
(1238, 84, '04', '??????'),
(1239, 84, '05', '?????????'),
(1240, 84, '06', '????????'),
(1241, 84, '07', '??????'),
(1242, 84, '11', '????????'),
(1243, 84, '12', '???????'),
(1244, 84, '13', '?????'),
(1245, 84, '14', '?????'),
(1246, 84, '15', '????????'),
(1247, 84, '16', '???????'),
(1248, 84, '17', '????????'),
(1249, 84, '21', '????????'),
(1250, 84, '22', '???????'),
(1251, 84, '23', '??????????'),
(1252, 84, '24', '???????'),
(1253, 84, '31', '????'),
(1254, 84, '32', '?????????'),
(1255, 84, '33', '????????'),
(1256, 84, '34', '? ??????'),
(1257, 84, '41', '????????'),
(1258, 84, '42', '??????'),
(1259, 84, '43', '????????'),
(1260, 84, '44', '???????'),
(1261, 84, '51', '???????'),
(1262, 84, '52', '?????'),
(1263, 84, '53', '??????'),
(1264, 84, '54', '???????????'),
(1265, 84, '55', '??????'),
(1266, 84, '56', '????????'),
(1267, 84, '57', '??????'),
(1268, 84, '58', '??????'),
(1269, 84, '59', '? ????'),
(1270, 84, '61', '? ?????'),
(1271, 84, '62', '??????'),
(1272, 84, '63', '???????'),
(1273, 84, '64', '?????????'),
(1274, 84, '69', '???? ????'),
(1275, 84, '71', '?????'),
(1276, 84, '72', '?????'),
(1277, 84, '73', '??????'),
(1278, 84, '81', '??????????'),
(1279, 84, '82', '????????'),
(1280, 84, '83', '??????'),
(1281, 84, '84', '?????'),
(1282, 84, '85', '????'),
(1283, 84, '91', '????????'),
(1284, 84, '92', '??????'),
(1285, 84, '93', '???????'),
(1286, 84, '94', '??????'),
(1287, 84, 'A1', '??????'),
(1288, 85, 'A', 'Avannaa'),
(1289, 85, 'T', 'Tunu '),
(1290, 85, 'K', 'Kitaa'),
(1291, 86, 'A', 'Saint Andrew'),
(1292, 86, 'D', 'Saint David'),
(1293, 86, 'G', 'Saint George'),
(1294, 86, 'J', 'Saint John'),
(1295, 86, 'M', 'Saint Mark'),
(1296, 86, 'P', 'Saint Patrick'),
(1297, 89, 'AV', 'Alta Verapaz'),
(1298, 89, 'BV', 'Baja Verapaz'),
(1299, 89, 'CM', 'Chimaltenango'),
(1300, 89, 'CQ', 'Chiquimula'),
(1301, 89, 'ES', 'Escuintla'),
(1302, 89, 'GU', 'Guatemala'),
(1303, 89, 'HU', 'Huehuetenango'),
(1304, 89, 'IZ', 'Izabal'),
(1305, 89, 'JA', 'Jalapa'),
(1306, 89, 'JU', 'Jutiapa'),
(1307, 89, 'PE', 'El Pet'),
(1308, 89, 'PR', 'El Progreso'),
(1309, 89, 'QC', 'El Quich'),
(1310, 89, 'QZ', 'Quetzaltenango'),
(1311, 89, 'RE', 'Retalhuleu'),
(1312, 89, 'SA', 'Sacatep?quez'),
(1313, 89, 'SM', 'San Marcos'),
(1314, 89, 'SO', 'Solol'),
(1315, 89, 'SR', 'Santa Rosa'),
(1316, 89, 'SU', 'Suchitep?quez'),
(1317, 89, 'TO', 'Totonicap'),
(1318, 89, 'ZA', 'Zacapa'),
(1319, 90, 'BE', 'Beyla'),
(1320, 90, 'BF', 'Boffa'),
(1321, 90, 'BK', 'Bok'),
(1322, 90, 'CO', 'Coyah'),
(1323, 90, 'DB', 'Dabola'),
(1324, 90, 'DI', 'Dinguiraye'),
(1325, 90, 'DL', 'Dalaba'),
(1326, 90, 'DU', 'Dubr?ka'),
(1327, 90, 'FA', 'Faranah'),
(1328, 90, 'FO', 'For?cariah'),
(1329, 90, 'FR', 'Fria'),
(1330, 90, 'GA', 'Gaoual'),
(1331, 90, 'GU', 'Gu?k?dou'),
(1332, 90, 'KA', 'Kankan'),
(1333, 90, 'KB', 'Koubia'),
(1334, 90, 'KD', 'Kindia'),
(1335, 90, 'KE', 'K?rouan'),
(1336, 90, 'KN', 'Koundara'),
(1337, 90, 'KO', 'Kouroussa'),
(1338, 90, 'KS', 'Kissidougou'),
(1339, 90, 'LA', 'Lab'),
(1340, 90, 'LE', 'L?louma'),
(1341, 90, 'LO', 'Lola'),
(1342, 90, 'MC', 'Macenta'),
(1343, 90, 'MD', 'Mandiana'),
(1344, 90, 'ML', 'Mali'),
(1345, 90, 'MM', 'Mamou'),
(1346, 90, 'NZ', 'Nz?r?kor'),
(1347, 90, 'PI', 'Pita'),
(1348, 90, 'SI', 'Siguiri'),
(1349, 90, 'TE', 'T?lim?l'),
(1350, 90, 'TO', 'Tougu'),
(1351, 90, 'YO', 'Yomou'),
(1352, 91, 'BF', 'Bafata'),
(1353, 91, 'BB', 'Biombo'),
(1354, 91, 'BS', 'Bissau'),
(1355, 91, 'BL', 'Bolama'),
(1356, 91, 'CA', 'Cacheu'),
(1357, 91, 'GA', 'Gabu'),
(1358, 91, 'OI', 'Oio'),
(1359, 91, 'QU', 'Quinara'),
(1360, 91, 'TO', 'Tombali'),
(1361, 92, 'BA', 'Barima-Waini'),
(1362, 92, 'CU', 'Cuyuni-Mazaruni'),
(1363, 92, 'DE', 'Demerara-Mahaica'),
(1364, 92, 'EB', 'East Berbice-Corentyne'),
(1365, 92, 'ES', 'Essequibo Islands-West Demerara'),
(1366, 92, 'MA', 'Mahaica-Berbice'),
(1367, 92, 'PM', 'Pomeroon-Supenaam'),
(1368, 92, 'PT', 'Potaro-Siparuni'),
(1369, 92, 'UD', 'Upper Demerara-Berbice'),
(1370, 92, 'UT', 'Upper Takutu-Upper Essequibo'),
(1371, 93, 'AR', 'Artibonite'),
(1372, 93, 'CE', 'Centre'),
(1373, 93, 'GA', 'Grand''Anse'),
(1374, 93, 'NI', 'Nippes'),
(1375, 93, 'ND', 'Nord'),
(1376, 93, 'NE', 'Nord-Est'),
(1377, 93, 'NO', 'Nord-Ouest'),
(1378, 93, 'OU', 'Ouest'),
(1379, 93, 'SD', 'Sud'),
(1380, 93, 'SE', 'Sud-Est'),
(1381, 94, 'F', 'Flat Island'),
(1382, 94, 'M', 'McDonald Island'),
(1383, 94, 'S', 'Shag Island'),
(1384, 94, 'H', 'Heard Island'),
(1385, 95, 'AT', 'Atl?ntida'),
(1386, 95, 'CH', 'Choluteca'),
(1387, 95, 'CL', 'Col?n'),
(1388, 95, 'CM', 'Comayagua'),
(1389, 95, 'CP', 'Cop'),
(1390, 95, 'CR', 'Cort'),
(1391, 95, 'EP', 'El Para?so'),
(1392, 95, 'FM', 'Francisco Moraz'),
(1393, 95, 'GD', 'Gracias a Dios'),
(1394, 95, 'IB', 'Islas de la Bah'),
(1395, 95, 'IN', 'Intibuc'),
(1396, 95, 'LE', 'Lempira'),
(1397, 95, 'LP', 'La Paz'),
(1398, 95, 'OC', 'Ocotepeque'),
(1399, 95, 'OL', 'Olancho'),
(1400, 95, 'SB', 'Santa B?rbara'),
(1401, 95, 'VA', 'Valle'),
(1402, 95, 'YO', 'Yoro'),
(1403, 96, 'HCW', '???'),
(1404, 96, 'HEA', '??'),
(1405, 96, 'HSO', '??'),
(1406, 96, 'HWC', '???'),
(1407, 96, 'KKC', '????'),
(1408, 96, 'KKT', '???'),
(1409, 96, 'KSS', '????'),
(1410, 96, 'KWT', '????'),
(1411, 96, 'KYT', '????'),
(1412, 96, 'NIS', '???'),
(1413, 96, 'NKT', '???'),
(1414, 96, 'NNO', '??'),
(1415, 96, 'NSK', '???'),
(1416, 96, 'NST', '???'),
(1417, 96, 'NTP', '???'),
(1418, 96, 'NTW', '???'),
(1419, 96, 'NTM', '???'),
(1420, 96, 'NYL', '???'),
(1421, 97, 'BA', 'Baranja megye'),
(1422, 97, 'BC', 'B?k?scsaba'),
(1423, 97, 'BE', 'B?k?s megye'),
(1424, 97, 'BK', 'B?cs-Kiskun megye'),
(1425, 97, 'BU', 'Budapest'),
(1426, 97, 'BZ', 'Borsod-Aba?j-Zempl?n megye'),
(1427, 97, 'CS', 'Csongr?d megye'),
(1428, 97, 'DE', 'Debrecen'),
(1429, 97, 'DU', 'Duna?jv?ros'),
(1430, 97, 'EG', 'Eger'),
(1431, 97, 'FE', 'Fej?r megye'),
(1432, 97, 'GS', 'Gy?r-Moson-Sopron megye'),
(1433, 97, 'GY', 'Gy?r'),
(1434, 97, 'HB', 'Hajd?-Bihar megye'),
(1435, 97, 'HE', 'Heves megye'),
(1436, 97, 'HV', 'H?dmez?v?s?rhely'),
(1437, 97, 'JN', 'J?sz-Nagykun-Szolnok megye'),
(1438, 97, 'KE', 'Kom?rom-Esztergom megye'),
(1439, 97, 'KM', 'Kecskem'),
(1440, 97, 'KV', 'Kaposv'),
(1441, 97, 'MI', 'Miskolc'),
(1442, 97, 'NK', 'Nagykanizsa'),
(1443, 97, 'NO', 'N?gr?d megye'),
(1444, 97, 'NY', 'Ny?regyh?za'),
(1445, 97, 'PE', 'Pest megye'),
(1446, 97, 'PS', 'P?cs'),
(1447, 97, 'SD', 'Szeged'),
(1448, 97, 'SF', 'Sz?kesfeh?rv'),
(1449, 97, 'SH', 'Szombathely'),
(1450, 97, 'SK', 'Szolnok'),
(1451, 97, 'SN', 'Sopron'),
(1452, 97, 'SO', 'Somogy megye'),
(1453, 97, 'SS', 'Szeksz?rd'),
(1454, 97, 'ST', 'Salg?tarj'),
(1455, 97, 'SZ', 'Szabolcs-Szatm?r-Bereg megye'),
(1456, 97, 'TB', 'Tatab?nya'),
(1457, 97, 'TO', 'Tolna megye'),
(1458, 97, 'VA', 'Vas megye'),
(1459, 97, 'VE', 'Veszpr?m megye'),
(1460, 97, 'VM', 'Veszpr'),
(1461, 97, 'ZA', 'Zala megye'),
(1462, 97, 'ZE', 'Zalaegerszeg'),
(1463, 98, '1', 'H?fu?borgarsv??i?'),
(1464, 98, '2', 'Su?urnes'),
(1465, 98, '3', 'Vesturland'),
(1466, 98, '4', 'Vestfir?ir'),
(1467, 98, '5', 'Nor?urland vestra'),
(1468, 98, '6', 'Nor?urland eystra'),
(1469, 98, '7', 'Austfir?ir'),
(1470, 98, '8', 'Su?urland'),
(1471, 99, 'IN-AN', '?????? ?? ??????? ?????'),
(1472, 99, 'IN-AP', '????? ???????'),
(1473, 99, 'IN-AR', '??????? ??????'),
(1474, 99, 'IN-AS', '???'),
(1475, 99, 'IN-BR', '?????'),
(1476, 99, 'IN-CH', '???????'),
(1477, 99, 'IN-CT', '?????????'),
(1478, 99, 'IN-DD', '??? ??? ???'),
(1479, 99, 'IN-DL', '??????'),
(1480, 99, 'IN-DN', '????? ??? ??? ?????'),
(1481, 99, 'IN-GA', '????'),
(1482, 99, 'IN-GJ', '??????'),
(1483, 99, 'IN-HP', '?????? ??????'),
(1484, 99, 'IN-HR', '???????'),
(1485, 99, 'IN-JH', '??????'),
(1486, 99, 'IN-JK', '????? ?? ??????'),
(1487, 99, 'IN-KA', '??????'),
(1488, 99, 'IN-KL', '?????'),
(1489, 99, 'IN-LD', '??????????'),
(1490, 99, 'IN-ML', '??????'),
(1491, 99, 'IN-MH', '??????????'),
(1492, 99, 'IN-MN', '??????'),
(1493, 99, 'IN-MP', '???? ??????'),
(1494, 99, 'IN-MZ', '???????'),
(1495, 99, 'IN-NL', '????????'),
(1496, 99, 'IN-OR', '??????'),
(1497, 99, 'IN-PB', '?????'),
(1498, 99, 'IN-PY', '??????????'),
(1499, 99, 'IN-RJ', '????????'),
(1500, 99, 'IN-SK', '???????'),
(1501, 99, 'IN-TN', '????? ????'),
(1502, 99, 'IN-TR', '????????'),
(1503, 99, 'IN-UL', '?????????'),
(1504, 99, 'IN-UP', '????? ??????'),
(1505, 99, 'IN-WB', '??????????'),
(1506, 100, 'AC', 'Aceh'),
(1507, 100, 'BA', 'Bali'),
(1508, 100, 'BB', 'Bangka-Belitung'),
(1509, 100, 'BE', 'Bengkulu'),
(1510, 100, 'BT', 'Banten'),
(1511, 100, 'GO', 'Gorontalo'),
(1512, 100, 'IJ', 'Papua'),
(1513, 100, 'JA', 'Jambi'),
(1514, 100, 'JI', 'Jawa Timur'),
(1515, 100, 'JK', 'Jakarta Raya'),
(1516, 100, 'JR', 'Jawa Barat'),
(1517, 100, 'JT', 'Jawa Tengah'),
(1518, 100, 'KB', 'Kalimantan Barat'),
(1519, 100, 'KI', 'Kalimantan Timur'),
(1520, 100, 'KS', 'Kalimantan Selatan'),
(1521, 100, 'KT', 'Kalimantan Tengah'),
(1522, 100, 'LA', 'Lampung'),
(1523, 100, 'MA', 'Maluku'),
(1524, 100, 'MU', 'Maluku Utara'),
(1525, 100, 'NB', 'Nusa Tenggara Barat'),
(1526, 100, 'NT', 'Nusa Tenggara Timur'),
(1527, 100, 'RI', 'Riau'),
(1528, 100, 'SB', 'Sumatera Barat'),
(1529, 100, 'SG', 'Sulawesi Tenggara'),
(1530, 100, 'SL', 'Sumatera Selatan'),
(1531, 100, 'SN', 'Sulawesi Selatan'),
(1532, 100, 'ST', 'Sulawesi Tengah'),
(1533, 100, 'SW', 'Sulawesi Utara'),
(1534, 100, 'SU', 'Sumatera Utara'),
(1535, 100, 'YO', 'Yogyakarta'),
(1536, 101, '01', '?????? ????????? ????'),
(1537, 101, '02', '?????? ????????? ????'),
(1538, 101, '03', '?????? ??????'),
(1539, 101, '04', '?????? ??????'),
(1540, 101, '05', '?????? ?????'),
(1541, 101, '06', '?????? ?????'),
(1542, 101, '07', '?????? ?????'),
(1543, 101, '08', '?????? ??????? ? ???????'),
(1544, 101, '09', '?????? ?????? ????'),
(1545, 101, '10', '?????? ???????'),
(1546, 101, '11', '?????? ?????'),
(1547, 101, '12', '?????? ?????'),
(1548, 101, '13', '?????? ?????? ??????????'),
(1549, 101, '14', '?????? ????'),
(1550, 101, '15', '?????? ?????'),
(1551, 101, '16', '?????? ???????'),
(1552, 101, '17', '?????? ????????'),
(1553, 101, '18', '?????? ???????? ? ???? ????'),
(1554, 101, '19', '?????? ?????'),
(1555, 101, '20', '?????? ??????'),
(1556, 101, '21', '?????? ????????'),
(1557, 101, '22', '?????? ?????'),
(1558, 101, '23', '?????? ???????'),
(1559, 101, '24', '?????? ?????'),
(1560, 101, '25', '?????? ???'),
(1561, 101, '26', '?????? ??'),
(1562, 101, '27', '?????? ??????'),
(1563, 101, '28', '?????? ?????'),
(1564, 102, 'AN', '?????? ???????'),
(1565, 102, 'AR', '?????'),
(1566, 102, 'BA', '?????? ??????'),
(1567, 102, 'BB', '????'),
(1568, 102, 'BG', '?????? ?????'),
(1569, 102, 'DA', '????'),
(1570, 102, 'DI', '?????'),
(1571, 102, 'DQ', '?? ???'),
(1572, 102, 'KA', '??????'),
(1573, 102, 'MA', '?????'),
(1574, 102, 'MU', '??????'),
(1575, 102, 'NA', '?????'),
(1576, 102, 'NI', '?????'),
(1577, 102, 'QA', '????????'),
(1578, 102, 'SD', '???? ?????'),
(1579, 102, 'SW', '?????? ??????????'),
(1580, 102, 'TS', '???????'),
(1581, 102, 'WA', '????'),
(1582, 103, 'C', 'Corcaigh'),
(1583, 103, 'CE', 'Contae an Chl?ir'),
(1584, 103, 'CN', 'An Cabh'),
(1585, 103, 'CW', 'Ceatharlach'),
(1586, 103, 'D', 'Baile ?tha Cliath'),
(1587, 103, 'DL', 'D?n na nGall'),
(1588, 103, 'G', 'Gaillimh'),
(1589, 103, 'KE', 'Cill Dara'),
(1590, 103, 'KK', 'Cill Chainnigh'),
(1591, 103, 'KY', 'Contae Chiarra'),
(1592, 103, 'LD', 'An Longfort'),
(1593, 103, 'LH', 'Contae L?'),
(1594, 103, 'LK', 'Luimneach'),
(1595, 103, 'LM', 'Contae Liatroma'),
(1596, 103, 'LS', 'Contae Laoise'),
(1597, 103, 'MH', 'Contae na M'),
(1598, 103, 'MN', 'Muineach'),
(1599, 103, 'MO', 'Contae Mhaigh Eo'),
(1600, 103, 'OY', 'Contae U?bh Fhail'),
(1601, 103, 'RN', 'Ros Com?in'),
(1602, 103, 'SO', 'Sligeach'),
(1603, 103, 'TA', 'Tiobraid ?rann'),
(1604, 103, 'WD', 'Port Lairge'),
(1605, 103, 'WH', 'Contae na hIarmh'),
(1606, 103, 'WW', 'Cill Mhant?in'),
(1607, 103, 'WX', 'Loch Garman'),
(1608, 104, 'D ', '???? ?????'),
(1609, 104, 'HA', '???? ????'),
(1610, 104, 'JM', '???????'),
(1611, 104, 'M ', '???? ?????'),
(1612, 104, 'TA', '?? ????-???'),
(1613, 104, 'Z ', '???? ?????'),
(1614, 105, 'AG', 'Agrigento'),
(1615, 105, 'AL', 'Alessandria'),
(1616, 105, 'AN', 'Ancona'),
(1617, 105, 'AO', 'Valle d''Aosta'),
(1618, 105, 'AP', 'Ascoli Piceno'),
(1619, 105, 'AQ', 'L''Aquila'),
(1620, 105, 'AR', 'Arezzo'),
(1621, 105, 'AT', 'Asti'),
(1622, 105, 'AV', 'Avellino'),
(1623, 105, 'BA', 'Bari'),
(1624, 105, 'BG', 'Bergamo'),
(1625, 105, 'BI', 'Biella'),
(1626, 105, 'BL', 'Belluno'),
(1627, 105, 'BN', 'Benevento'),
(1628, 105, 'BO', 'Bologna'),
(1629, 105, 'BR', 'Brindisi'),
(1630, 105, 'BS', 'Brescia'),
(1631, 105, 'BT', 'Barletta-Andria-Trani'),
(1632, 105, 'BZ', 'Alto Adige'),
(1633, 105, 'CA', 'Cagliari'),
(1634, 105, 'CB', 'Campobasso'),
(1635, 105, 'CE', 'Caserta'),
(1636, 105, 'CH', 'Chieti'),
(1637, 105, 'CI', 'Carbonia-Iglesias'),
(1638, 105, 'CL', 'Caltanissetta'),
(1639, 105, 'CN', 'Cuneo'),
(1640, 105, 'CO', 'Como'),
(1641, 105, 'CR', 'Cremona'),
(1642, 105, 'CS', 'Cosenza'),
(1643, 105, 'CT', 'Catania'),
(1644, 105, 'CZ', 'Catanzaro'),
(1645, 105, 'EN', 'Enna'),
(1646, 105, 'FE', 'Ferrara'),
(1647, 105, 'FG', 'Foggia'),
(1648, 105, 'FI', 'Firenze'),
(1649, 105, 'FM', 'Fermo'),
(1650, 105, 'FO', 'Forl?-Cesena'),
(1651, 105, 'FR', 'Frosinone'),
(1652, 105, 'GE', 'Genova'),
(1653, 105, 'GO', 'Gorizia'),
(1654, 105, 'GR', 'Grosseto'),
(1655, 105, 'IM', 'Imperia'),
(1656, 105, 'IS', 'Isernia'),
(1657, 105, 'KR', 'Crotone'),
(1658, 105, 'LC', 'Lecco'),
(1659, 105, 'LE', 'Lecce'),
(1660, 105, 'LI', 'Livorno'),
(1661, 105, 'LO', 'Lodi'),
(1662, 105, 'LT', 'Latina'),
(1663, 105, 'LU', 'Lucca'),
(1664, 105, 'MC', 'Macerata'),
(1665, 105, 'MD', 'Medio Campidano'),
(1666, 105, 'ME', 'Messina'),
(1667, 105, 'MI', 'Milano'),
(1668, 105, 'MN', 'Mantova'),
(1669, 105, 'MO', 'Modena'),
(1670, 105, 'MS', 'Massa-Carrara'),
(1671, 105, 'MT', 'Matera'),
(1672, 105, 'MZ', 'Monza e Brianza'),
(1673, 105, 'NA', 'Napoli'),
(1674, 105, 'NO', 'Novara'),
(1675, 105, 'NU', 'Nuoro'),
(1676, 105, 'OG', 'Ogliastra'),
(1677, 105, 'OR', 'Oristano'),
(1678, 105, 'OT', 'Olbia-Tempio'),
(1679, 105, 'PA', 'Palermo'),
(1680, 105, 'PC', 'Piacenza'),
(1681, 105, 'PD', 'Padova'),
(1682, 105, 'PE', 'Pescara'),
(1683, 105, 'PG', 'Perugia'),
(1684, 105, 'PI', 'Pisa'),
(1685, 105, 'PN', 'Pordenone'),
(1686, 105, 'PO', 'Prato'),
(1687, 105, 'PR', 'Parma'),
(1688, 105, 'PS', 'Pesaro e Urbino'),
(1689, 105, 'PT', 'Pistoia'),
(1690, 105, 'PV', 'Pavia'),
(1691, 105, 'PZ', 'Potenza'),
(1692, 105, 'RA', 'Ravenna'),
(1693, 105, 'RC', 'Reggio Calabria'),
(1694, 105, 'RE', 'Reggio Emilia'),
(1695, 105, 'RG', 'Ragusa'),
(1696, 105, 'RI', 'Rieti'),
(1697, 105, 'RM', 'Roma'),
(1698, 105, 'RN', 'Rimini'),
(1699, 105, 'RO', 'Rovigo'),
(1700, 105, 'SA', 'Salerno'),
(1701, 105, 'SI', 'Siena'),
(1702, 105, 'SO', 'Sondrio'),
(1703, 105, 'SP', 'La Spezia'),
(1704, 105, 'SR', 'Siracusa'),
(1705, 105, 'SS', 'Sassari'),
(1706, 105, 'SV', 'Savona'),
(1707, 105, 'TA', 'Taranto'),
(1708, 105, 'TE', 'Teramo'),
(1709, 105, 'TN', 'Trento'),
(1710, 105, 'TO', 'Torino'),
(1711, 105, 'TP', 'Trapani'),
(1712, 105, 'TR', 'Terni'),
(1713, 105, 'TS', 'Trieste'),
(1714, 105, 'TV', 'Treviso'),
(1715, 105, 'UD', 'Udine'),
(1716, 105, 'VA', 'Varese'),
(1717, 105, 'VB', 'Verbano-Cusio-Ossola'),
(1718, 105, 'VC', 'Vercelli'),
(1719, 105, 'VE', 'Venezia'),
(1720, 105, 'VI', 'Vicenza'),
(1721, 105, 'VR', 'Verona'),
(1722, 105, 'VT', 'Viterbo');
INSERT INTO `country_zones` (`id`, `country_id`, `code`, `name`) VALUES 
(1723, 105, 'VV', 'Vibo Valentia'),
(1724, 106, '01', 'Kingston'),
(1725, 106, '02', 'Half Way Tree'),
(1726, 106, '03', 'Morant Bay'),
(1727, 106, '04', 'Port Antonio'),
(1728, 106, '05', 'Port Maria'),
(1729, 106, '06', 'Saint Ann''s Bay'),
(1730, 106, '07', 'Falmouth'),
(1731, 106, '08', 'Montego Bay'),
(1732, 106, '09', 'Lucea'),
(1733, 106, '10', 'Savanna-la-Mar'),
(1734, 106, '11', 'Black River'),
(1735, 106, '12', 'Mandeville'),
(1736, 106, '13', 'May Pen'),
(1737, 106, '14', 'Spanish Town'),
(1738, 107, '01', '???'),
(1739, 107, '02', '??'),
(1740, 107, '03', '??'),
(1741, 107, '04', '??'),
(1742, 107, '05', '??'),
(1743, 107, '06', '??'),
(1744, 107, '07', '??'),
(1745, 107, '08', '??'),
(1746, 107, '09', '? ??'),
(1747, 107, '10', '??'),
(1748, 107, '11', '??'),
(1749, 107, '12', '??'),
(1750, 107, '13', '??'),
(1751, 107, '14', '???'),
(1752, 107, '15', '??'),
(1753, 107, '16', '??'),
(1754, 107, '17', '??'),
(1755, 107, '18', '??'),
(1756, 107, '19', '??'),
(1757, 107, '20', '??'),
(1758, 107, '21', '??'),
(1759, 107, '22', '??'),
(1760, 107, '23', '??'),
(1761, 107, '24', '??'),
(1762, 107, '25', '??'),
(1763, 107, '26', '??'),
(1764, 107, '27', '??'),
(1765, 107, '28', '??'),
(1766, 107, '29', '??'),
(1767, 107, '30', '???'),
(1768, 107, '31', '??'),
(1769, 107, '32', '?? ?'),
(1770, 107, '33', '??'),
(1771, 107, '34', '??'),
(1772, 107, '35', '??'),
(1773, 107, '36', '??'),
(1774, 107, '37', '??'),
(1775, 107, '38', '??'),
(1776, 107, '39', '??'),
(1777, 107, '40', '??'),
(1778, 107, '41', '??'),
(1779, 107, '42', '??'),
(1780, 107, '43', '??'),
(1781, 107, '44', '??'),
(1782, 107, '45', '??'),
(1783, 107, '46', '???'),
(1784, 107, '47', '??'),
(1785, 108, 'AJ', '?????? ?????'),
(1786, 108, 'AM', '?????? ???????'),
(1787, 108, 'AQ', '?????? ??????'),
(1788, 108, 'AT', '?????? ???????'),
(1789, 108, 'AZ', '?????? ???????'),
(1790, 108, 'BA', '?????? ???????'),
(1791, 108, 'JA', '?????? ???'),
(1792, 108, 'JR', '?????? ????'),
(1793, 108, 'KA', '?????? ?????'),
(1794, 108, 'MA', '?????? ??????'),
(1795, 108, 'MD', '?????? ?????'),
(1796, 108, 'MN', '?????? ????'),
(1797, 109, 'AL', '??????'),
(1798, 109, 'AC', 'Almaty City'),
(1799, 109, 'AM', '??????'),
(1800, 109, 'AQ', '??????'),
(1801, 109, 'AS', '??????'),
(1802, 109, 'AT', '??????'),
(1803, 109, 'BA', '????? ?????????'),
(1804, 109, 'BY', '????????'),
(1805, 109, 'MA', '?????????'),
(1806, 109, 'ON', '???????? ?????????'),
(1807, 109, 'PA', '????????'),
(1808, 109, 'QA', '?????????'),
(1809, 109, 'QO', '????????'),
(1810, 109, 'QY', '?????????'),
(1811, 109, 'SH', '????? ?????????'),
(1812, 109, 'SO', '????????? ?????????'),
(1813, 109, 'ZH', '??????'),
(1814, 110, '110', 'Nairobi'),
(1815, 110, '200', 'Central'),
(1816, 110, '300', 'Mombasa'),
(1817, 110, '400', 'Eastern'),
(1818, 110, '500', 'North Eastern'),
(1819, 110, '600', 'Nyanza'),
(1820, 110, '700', 'Rift Valley'),
(1821, 110, '900', 'Western'),
(1822, 111, 'G', 'Gilbert Islands'),
(1823, 111, 'L', 'Line Islands'),
(1824, 111, 'P', 'Phoenix Islands'),
(1825, 112, 'CHA', '???'),
(1826, 112, 'HAB', '?? ??'),
(1827, 112, 'HAN', '?? ??'),
(1828, 112, 'HWB', '?? ??'),
(1829, 112, 'HWN', '?? ??'),
(1830, 112, 'KAN', '???'),
(1831, 112, 'KAE', '???'),
(1832, 112, 'NAJ', '???  ??? ?'),
(1833, 112, 'NAM', '?? ???'),
(1834, 112, 'PYB', '?? ??'),
(1835, 112, 'PYN', '?? ??'),
(1836, 112, 'PYO', '?? ??? ?'),
(1837, 112, 'YAN', '???'),
(1838, 113, '11', '?????'),
(1839, 113, '26', '?? ???'),
(1840, 113, '27', '?? ???'),
(1841, 113, '28', '?????'),
(1842, 113, '29', '?? ???'),
(1843, 113, '30', '?? ? ???'),
(1844, 113, '31', '?? ???'),
(1845, 113, '41', '???'),
(1846, 113, '42', '???'),
(1847, 113, '43', '?? ??'),
(1848, 113, '44', '?? ??'),
(1849, 113, '45', '? ?? ??'),
(1850, 113, '46', '? ?? ??'),
(1851, 113, '47', '?? ??'),
(1852, 113, '48', '?? ??'),
(1853, 113, '49', '? ???????'),
(1854, 114, 'AH', '???????'),
(1855, 114, 'FA', '?????????'),
(1856, 114, 'JA', '???????'),
(1857, 114, 'KU', '???????'),
(1858, 114, 'HW', '????'),
(1859, 114, 'MU', '????? ??????'),
(1860, 115, 'B', '?????? ???????'),
(1861, 115, 'C', '??? ???????'),
(1862, 115, 'GB', '??????'),
(1863, 115, 'J', '?????-???? ???????'),
(1864, 115, 'N', '????? ???????'),
(1865, 115, 'O', '?? ???????'),
(1866, 115, 'T', '????? ???????'),
(1867, 115, 'Y', '????-??? ???????'),
(1868, 116, 'AT', '???????'),
(1869, 116, 'BK', '???????'),
(1870, 116, 'BL', '?????????'),
(1871, 116, 'CH', '????????'),
(1872, 116, 'HO', '??????'),
(1873, 116, 'KH', '???????'),
(1874, 116, 'LM', '??????????'),
(1875, 116, 'LP', '?????????'),
(1876, 116, 'OU', '???????'),
(1877, 116, 'PH', '???????'),
(1878, 116, 'SL', '???????'),
(1879, 116, 'SV', '???????????'),
(1880, 116, 'VI', '??????'),
(1881, 116, 'VT', '??????'),
(1882, 116, 'XA', '????????'),
(1883, 116, 'XE', '?????'),
(1884, 116, 'XI', '???????'),
(1885, 116, 'XN', '????????'),
(1886, 117, 'AI', 'Aizkraukles rajons'),
(1887, 117, 'AL', 'Al?ksnes rajons'),
(1888, 117, 'BL', 'Balvu rajons'),
(1889, 117, 'BU', 'Bauskas rajons'),
(1890, 117, 'CE', 'C?su rajons'),
(1891, 117, 'DA', 'Daugavpils rajons'),
(1892, 117, 'DGV', 'Daugpilis'),
(1893, 117, 'DO', 'Dobeles rajons'),
(1894, 117, 'GU', 'Gulbenes rajons'),
(1895, 117, 'JEL', 'Jelgava'),
(1896, 117, 'JK', 'J?kabpils rajons'),
(1897, 117, 'JL', 'Jelgavas rajons'),
(1898, 117, 'JUR', 'J?rmala'),
(1899, 117, 'KR', 'Kr?slavas rajons'),
(1900, 117, 'KU', 'Kuld?gas rajons'),
(1901, 117, 'LE', 'Liep?jas rajons'),
(1902, 117, 'LM', 'Limba?u rajons'),
(1903, 117, 'LPX', 'Liepoja'),
(1904, 117, 'LU', 'Ludzas rajons'),
(1905, 117, 'MA', 'Madonas rajons'),
(1906, 117, 'OG', 'Ogres rajons'),
(1907, 117, 'PR', 'Prei?u rajons'),
(1908, 117, 'RE', 'R?zeknes rajons'),
(1909, 117, 'REZ', 'R?zekne'),
(1910, 117, 'RI', 'R?gas rajons'),
(1911, 117, 'RIX', 'R?ga'),
(1912, 117, 'SA', 'Saldus rajons'),
(1913, 117, 'TA', 'Talsu rajons'),
(1914, 117, 'TU', 'Tukuma rajons'),
(1915, 117, 'VE', 'Ventspils rajons'),
(1916, 117, 'VEN', 'Ventspils'),
(1917, 117, 'VK', 'Valkas rajons'),
(1918, 117, 'VM', 'Valmieras rajons'),
(1919, 119, 'A', 'Maseru'),
(1920, 119, 'B', 'Butha-Buthe'),
(1921, 119, 'C', 'Leribe'),
(1922, 119, 'D', 'Berea'),
(1923, 119, 'E', 'Mafeteng'),
(1924, 119, 'F', 'Mohale''s Hoek'),
(1925, 119, 'G', 'Quthing'),
(1926, 119, 'H', 'Qacha''s Nek'),
(1927, 119, 'J', 'Mokhotlong'),
(1928, 119, 'K', 'Thaba-Tseka'),
(1929, 120, 'BG', 'Bong'),
(1930, 120, 'BM', 'Bomi'),
(1931, 120, 'CM', 'Grand Cape Mount'),
(1932, 120, 'GB', 'Grand Bassa'),
(1933, 120, 'GG', 'Grand Gedeh'),
(1934, 120, 'GK', 'Grand Kru'),
(1935, 120, 'GP', 'Gbarpolu'),
(1936, 120, 'LO', 'Lofa'),
(1937, 120, 'MG', 'Margibi'),
(1938, 120, 'MO', 'Montserrado'),
(1939, 120, 'MY', 'Maryland'),
(1940, 120, 'NI', 'Nimba'),
(1941, 120, 'RG', 'River Gee'),
(1942, 120, 'RI', 'Rivercess'),
(1943, 120, 'SI', 'Sinoe'),
(1944, 121, 'AJ', 'Ajd?biy?'),
(1945, 121, 'BA', 'Bangh?z?'),
(1946, 121, 'BU', 'Al Bu?n?n'),
(1947, 121, 'BW', 'Ban? Wal?d'),
(1948, 121, 'DR', 'Darnah'),
(1949, 121, 'GD', 'Ghad?mis'),
(1950, 121, 'GR', 'Ghary?n'),
(1951, 121, 'GT', 'Gh?t'),
(1952, 121, 'HZ', 'Al ?iz?m al Akh?ar'),
(1953, 121, 'JA', 'Al Jabal al Akh?ar'),
(1954, 121, 'JB', 'Jaghb?b'),
(1955, 121, 'JI', 'Al Jif?rah'),
(1956, 121, 'JU', 'Al Jufrah'),
(1957, 121, 'KF', 'Al Kufrah'),
(1958, 121, 'MB', 'Al Marqab'),
(1959, 121, 'MI', 'Mi?r?tah'),
(1960, 121, 'MJ', 'Al Marj'),
(1961, 121, 'MQ', 'Murzuq'),
(1962, 121, 'MZ', 'Mizdah'),
(1963, 121, 'NL', 'N?l?t'),
(1964, 121, 'NQ', 'An Nuqa? al Khams'),
(1965, 121, 'QB', 'Al Qubbah'),
(1966, 121, 'QT', 'Al Qa?r?n'),
(1967, 121, 'SB', 'Sabh?'),
(1968, 121, 'SH', 'Ash Sh??i'),
(1969, 121, 'SR', 'Surt'),
(1970, 121, 'SS', '?abr?tah ?urm?n'),
(1971, 121, 'TB', '?ar?bulus'),
(1972, 121, 'TM', 'Tarh?nah-Masall?tah'),
(1973, 121, 'TN', 'T?j?r? wa an Naw??? al Arb??'),
(1974, 121, 'WA', 'Al W??ah'),
(1975, 121, 'WD', 'W?d? al ?ay?t'),
(1976, 121, 'YJ', 'Yafran-J?d?'),
(1977, 121, 'ZA', 'Az Z?wiyah'),
(1978, 122, 'B', 'Balzers'),
(1979, 122, 'E', 'Eschen'),
(1980, 122, 'G', 'Gamprin'),
(1981, 122, 'M', 'Mauren'),
(1982, 122, 'P', 'Planken'),
(1983, 122, 'R', 'Ruggell'),
(1984, 122, 'A', 'Schaan'),
(1985, 122, 'L', 'Schellenberg'),
(1986, 122, 'N', 'Triesen'),
(1987, 122, 'T', 'Triesenberg'),
(1988, 122, 'V', 'Vaduz'),
(1989, 123, 'AL', 'Alytaus Apskritis'),
(1990, 123, 'KL', 'Klaip?dos Apskritis'),
(1991, 123, 'KU', 'Kauno Apskritis'),
(1992, 123, 'MR', 'Marijampol?s Apskritis'),
(1993, 123, 'PN', 'Panev??io Apskritis'),
(1994, 123, 'SA', '? iauli? Apskritis'),
(1995, 123, 'TA', 'Taurag?s Apskritis'),
(1996, 123, 'TE', 'Tel?i? Apskritis'),
(1997, 123, 'UT', 'Utenos Apskritis'),
(1998, 123, 'VL', 'Vilniaus Apskritis'),
(1999, 124, 'D', 'Diekirch'),
(2000, 124, 'G', 'Grevenmacher'),
(2001, 124, 'L', 'Luxemburg'),
(2002, 125, 'I', '???'),
(2003, 125, 'M', '???'),
(2004, 126, 'BR', 'Berovo'),
(2005, 126, 'CH', '????????-????????'),
(2006, 126, 'DL', '???????'),
(2007, 126, 'KB', '????????'),
(2008, 126, 'OC', '??????'),
(2009, 126, 'LO', '??????'),
(2010, 126, 'MK', '?????????? ????????'),
(2011, 126, 'PH', '???????'),
(2012, 126, 'PT', '?????????'),
(2013, 126, 'ST', '????'),
(2014, 126, 'SL', '????? ??????'),
(2015, 126, 'NI', '??????'),
(2016, 126, 'ZR', '???????'),
(2017, 126, 'KY', '???????'),
(2018, 126, 'KZ', '????? ???????'),
(2019, 126, 'UM', '????????'),
(2020, 126, 'LI', '???????'),
(2021, 126, 'RN', '? ???????'),
(2022, 126, 'NA', '????? ??????????'),
(2023, 126, 'TL', '??????'),
(2024, 126, 'DM', '????? ?????'),
(2025, 126, 'DE', '???????'),
(2026, 126, 'KG', '????????????'),
(2027, 126, 'KS', '???????'),
(2028, 126, 'MG', '??????'),
(2029, 126, 'NV', '??????'),
(2030, 126, 'PP', '??????'),
(2031, 126, 'RE', '? ????'),
(2032, 126, 'VJ', '????????'),
(2033, 126, 'BN', '????????'),
(2034, 126, 'GT', '????????'),
(2035, 126, 'JG', '?????????'),
(2036, 126, 'MR', '??????? ? ? ??????'),
(2037, 126, 'TR', '??????'),
(2038, 126, 'ET', '??????'),
(2039, 126, 'VH', '?????????'),
(2040, 126, 'ZE', '??????'),
(2041, 126, 'AD', '????????'),
(2042, 126, 'AR', '?????????'),
(2043, 126, 'BU', '?????'),
(2044, 126, 'CI', '????'),
(2045, 126, 'CE', '??????'),
(2046, 126, 'CS', '????? ???????'),
(2047, 126, 'GB', '???? ????'),
(2048, 126, 'GP', '????? ??????'),
(2049, 126, 'IL', '???????'),
(2050, 126, 'KX', '??????'),
(2051, 126, 'VD', '?????? ????'),
(2052, 126, 'PE', '????????'),
(2053, 126, 'AJ', '?????'),
(2054, 126, 'SS', '???????'),
(2055, 126, 'SU', '???????????'),
(2056, 126, 'SO', '???? ???????'),
(2057, 126, 'ZK', '??????????'),
(2058, 126, 'BG', '????????'),
(2059, 126, 'BS', '????????'),
(2060, 126, 'GV', '?????????'),
(2061, 126, 'KN', '?????'),
(2062, 126, 'NS', '???? ????'),
(2063, 126, 'RV', '? ??????'),
(2064, 126, 'SD', '???? ??????'),
(2065, 126, 'RU', '????????'),
(2066, 126, 'VA', '?????????'),
(2067, 126, 'VL', '????????'),
(2068, 126, 'CZ', '?????? ????'),
(2069, 126, 'DB', '?????'),
(2070, 126, 'DA', '???????'),
(2071, 126, 'DR', '???????'),
(2072, 126, 'KH', '??????'),
(2073, 126, 'MD', '?????????? ????'),
(2074, 126, 'OD', '?????'),
(2075, 126, 'OS', '???????'),
(2076, 126, 'PN', '????????'),
(2077, 126, 'UG', '??????'),
(2078, 126, 'VV', '???????'),
(2079, 126, 'VC', '??????????'),
(2080, 126, 'ZA', '?????'),
(2081, 126, 'CA', '?????'),
(2082, 126, 'DK', '????? ??????'),
(2083, 126, 'GR', '???????'),
(2084, 126, 'AV', '?????????'),
(2085, 126, 'NG', '????????'),
(2086, 126, 'RM', '? ??????'),
(2087, 126, 'VE', '?????'),
(2088, 127, 'A', 'Toamasina'),
(2089, 127, 'D', 'Antsiranana'),
(2090, 127, 'F', 'Fianarantsoa'),
(2091, 127, 'M', 'Mahajanga'),
(2092, 127, 'T', 'Antananarivo'),
(2093, 127, 'U', 'Toliara'),
(2094, 128, 'BA', 'Balaka'),
(2095, 128, 'BL', 'Blantyre'),
(2096, 128, 'C', 'Central'),
(2097, 128, 'CK', 'Chikwawa'),
(2098, 128, 'CR', 'Chiradzulu'),
(2099, 128, 'CT', 'Chitipa'),
(2100, 128, 'DE', 'Dedza'),
(2101, 128, 'DO', 'Dowa'),
(2102, 128, 'KR', 'Karonga'),
(2103, 128, 'KS', 'Kasungu'),
(2104, 128, 'LK', 'Likoma Island'),
(2105, 128, 'LI', 'Lilongwe'),
(2106, 128, 'MH', 'Machinga'),
(2107, 128, 'MG', 'Mangochi'),
(2108, 128, 'MC', 'Mchinji'),
(2109, 128, 'MU', 'Mulanje'),
(2110, 128, 'MW', 'Mwanza'),
(2111, 128, 'MZ', 'Mzimba'),
(2112, 128, 'N', 'Northern'),
(2113, 128, 'NB', 'Nkhata'),
(2114, 128, 'NK', 'Nkhotakota'),
(2115, 128, 'NS', 'Nsanje'),
(2116, 128, 'NU', 'Ntcheu'),
(2117, 128, 'NI', 'Ntchisi'),
(2118, 128, 'PH', 'Phalombe'),
(2119, 128, 'RU', 'Rumphi'),
(2120, 128, 'S', 'Southern'),
(2121, 128, 'SA', 'Salima'),
(2122, 128, 'TH', 'Thyolo'),
(2123, 128, 'ZO', 'Zomba'),
(2124, 129, '01', 'Johor Darul Takzim'),
(2125, 129, '02', 'Kedah Darul Aman'),
(2126, 129, '03', 'Kelantan Darul Naim'),
(2127, 129, '04', 'Melaka Negeri Bersejarah'),
(2128, 129, '05', 'Negeri Sembilan Darul Khusus'),
(2129, 129, '06', 'Pahang Darul Makmur'),
(2130, 129, '07', 'Pulau Pinang'),
(2131, 129, '08', 'Perak Darul Ridzuan'),
(2132, 129, '09', 'Perlis Indera Kayangan'),
(2133, 129, '10', 'Selangor Darul Ehsan'),
(2134, 129, '11', 'Terengganu Darul Iman'),
(2135, 129, '12', 'Sabah Negeri Di Bawah Bayu'),
(2136, 129, '13', 'Sarawak Bumi Kenyalang'),
(2137, 129, '14', 'Wilayah Persekutuan Kuala Lumpur'),
(2138, 129, '15', 'Wilayah Persekutuan Labuan'),
(2139, 129, '16', 'Wilayah Persekutuan Putrajaya'),
(2140, 130, 'THU', 'Thiladhunmathi Uthuru'),
(2141, 130, 'THD', 'Thiladhunmathi Dhekunu'),
(2142, 130, 'MLU', 'Miladhunmadulu Uthuru'),
(2143, 130, 'MLD', 'Miladhunmadulu Dhekunu'),
(2144, 130, 'MAU', 'Maalhosmadulu Uthuru'),
(2145, 130, 'MAD', 'Maalhosmadulu Dhekunu'),
(2146, 130, 'FAA', 'Faadhippolhu'),
(2147, 130, 'MAA', 'Male Atoll'),
(2148, 130, 'AAU', 'Ari Atoll Uthuru'),
(2149, 130, 'AAD', 'Ari Atoll Dheknu'),
(2150, 130, 'FEA', 'Felidhe Atoll'),
(2151, 130, 'MUA', 'Mulaku Atoll'),
(2152, 130, 'NAU', 'Nilandhe Atoll Uthuru'),
(2153, 130, 'NAD', 'Nilandhe Atoll Dhekunu'),
(2154, 130, 'KLH', 'Kolhumadulu'),
(2155, 130, 'HDH', 'Hadhdhunmathi'),
(2156, 130, 'HAU', 'Huvadhu Atoll Uthuru'),
(2157, 130, 'HAD', 'Huvadhu Atoll Dhekunu'),
(2158, 130, 'FMU', 'Fua Mulaku'),
(2159, 130, 'ADD', 'Addu'),
(2160, 131, '1', 'Kayes'),
(2161, 131, '2', 'Koulikoro'),
(2162, 131, '3', 'Sikasso'),
(2163, 131, '4', 'S?gou'),
(2164, 131, '5', 'Mopti'),
(2165, 131, '6', 'Tombouctou'),
(2166, 131, '7', 'Gao'),
(2167, 131, '8', 'Kidal'),
(2168, 131, 'BK0', 'Bamako'),
(2169, 132, 'ATT', 'Attard'),
(2170, 132, 'BAL', 'Balzan'),
(2171, 132, 'BGU', 'Birgu'),
(2172, 132, 'BKK', 'Birkirkara'),
(2173, 132, 'BRZ', 'Birzebbuga'),
(2174, 132, 'BOR', 'Bormla'),
(2175, 132, 'DIN', 'Dingli'),
(2176, 132, 'FGU', 'Fgura'),
(2177, 132, 'FLO', 'Floriana'),
(2178, 132, 'GDJ', 'Gudja'),
(2179, 132, 'GZR', 'Gzira'),
(2180, 132, 'GRG', 'Gargur'),
(2181, 132, 'GXQ', 'Gaxaq'),
(2182, 132, 'HMR', 'Hamrun'),
(2183, 132, 'IKL', 'Iklin'),
(2184, 132, 'ISL', 'Isla'),
(2185, 132, 'KLK', 'Kalkara'),
(2186, 132, 'KRK', 'Kirkop'),
(2187, 132, 'LIJ', 'Lija'),
(2188, 132, 'LUQ', 'Luqa'),
(2189, 132, 'MRS', 'Marsa'),
(2190, 132, 'MKL', 'Marsaskala'),
(2191, 132, 'MXL', 'Marsaxlokk'),
(2192, 132, 'MDN', 'Mdina'),
(2193, 132, 'MEL', 'Melliea'),
(2194, 132, 'MGR', 'Mgarr'),
(2195, 132, 'MST', 'Mosta'),
(2196, 132, 'MQA', 'Mqabba'),
(2197, 132, 'MSI', 'Msida'),
(2198, 132, 'MTF', 'Mtarfa'),
(2199, 132, 'NAX', 'Naxxar'),
(2200, 132, 'PAO', 'Paola'),
(2201, 132, 'PEM', 'Pembroke'),
(2202, 132, 'PIE', 'Pieta'),
(2203, 132, 'QOR', 'Qormi'),
(2204, 132, 'QRE', 'Qrendi'),
(2205, 132, 'RAB', 'Rabat'),
(2206, 132, 'SAF', 'Safi'),
(2207, 132, 'SGI', 'San Giljan'),
(2208, 132, 'SLU', 'Santa Lucija'),
(2209, 132, 'SPB', 'San Pawl il-Bahar'),
(2210, 132, 'SGW', 'San Gwann'),
(2211, 132, 'SVE', 'Santa Venera'),
(2212, 132, 'SIG', 'Siggiewi'),
(2213, 132, 'SLM', 'Sliema'),
(2214, 132, 'SWQ', 'Swieqi'),
(2215, 132, 'TXB', 'Ta Xbiex'),
(2216, 132, 'TRX', 'Tarxien'),
(2217, 132, 'VLT', 'Valletta'),
(2218, 132, 'XGJ', 'Xgajra'),
(2219, 132, 'ZBR', 'Zabbar'),
(2220, 132, 'ZBG', 'Zebbug'),
(2221, 132, 'ZJT', 'Zejtun'),
(2222, 132, 'ZRQ', 'Zurrieq'),
(2223, 132, 'FNT', 'Fontana'),
(2224, 132, 'GHJ', 'Ghajnsielem'),
(2225, 132, 'GHR', 'Gharb'),
(2226, 132, 'GHS', 'Ghasri'),
(2227, 132, 'KRC', 'Kercem'),
(2228, 132, 'MUN', 'Munxar'),
(2229, 132, 'NAD', 'Nadur'),
(2230, 132, 'QAL', 'Qala'),
(2231, 132, 'VIC', 'Victoria'),
(2232, 132, 'SLA', 'San Lawrenz'),
(2233, 132, 'SNT', 'Sannat'),
(2234, 132, 'ZAG', 'Xagra'),
(2235, 132, 'XEW', 'Xewkija'),
(2236, 132, 'ZEB', 'Zebbug'),
(2237, 133, 'ALK', 'Ailuk'),
(2238, 133, 'ALL', 'Ailinglapalap'),
(2239, 133, 'ARN', 'Arno'),
(2240, 133, 'AUR', 'Aur'),
(2241, 133, 'EBO', 'Ebon'),
(2242, 133, 'ENI', 'Eniwetok'),
(2243, 133, 'JAB', 'Jabat'),
(2244, 133, 'JAL', 'Jaluit'),
(2245, 133, 'KIL', 'Kili'),
(2246, 133, 'KWA', 'Kwajalein'),
(2247, 133, 'LAE', 'Lae'),
(2248, 133, 'LIB', 'Lib'),
(2249, 133, 'LIK', 'Likiep'),
(2250, 133, 'MAJ', 'Majuro'),
(2251, 133, 'MAL', 'Maloelap'),
(2252, 133, 'MEJ', 'Mejit'),
(2253, 133, 'MIL', 'Mili'),
(2254, 133, 'NMK', 'Namorik'),
(2255, 133, 'NMU', 'Namu'),
(2256, 133, 'RON', 'Rongelap'),
(2257, 133, 'UJA', 'Ujae'),
(2258, 133, 'UJL', 'Ujelang'),
(2259, 133, 'UTI', 'Utirik'),
(2260, 133, 'WTJ', 'Wotje'),
(2261, 133, 'WTN', 'Wotho'),
(2262, 135, '01', '????? ????? ??????'),
(2263, 135, '02', '????? ????? ??????'),
(2264, 135, '03', '????? ???????'),
(2265, 135, '04', '????? ?????'),
(2266, 135, '05', '????? ????????'),
(2267, 135, '06', '????? ????????'),
(2268, 135, '07', '????? ?????'),
(2269, 135, '08', '????? ????? ???????'),
(2270, 135, '09', '????? ?????'),
(2271, 135, '10', '????? ???? ????'),
(2272, 135, '11', '????? ???? ????'),
(2273, 135, '12', '????? ???????'),
(2274, 135, 'NKC', '???????'),
(2275, 136, 'AG', 'Agalega Islands'),
(2276, 136, 'BL', 'Black River'),
(2277, 136, 'BR', 'Beau Bassin-Rose Hill'),
(2278, 136, 'CC', 'Cargados Carajos Shoals'),
(2279, 136, 'CU', 'Curepipe'),
(2280, 136, 'FL', 'Flacq'),
(2281, 136, 'GP', 'Grand Port'),
(2282, 136, 'MO', 'Moka'),
(2283, 136, 'PA', 'Pamplemousses'),
(2284, 136, 'PL', 'Port Louis'),
(2285, 136, 'PU', 'Port Louis City'),
(2286, 136, 'PW', 'Plaines Wilhems'),
(2287, 136, 'QB', 'Quatre Bornes'),
(2288, 136, 'RO', 'Rodrigues'),
(2289, 136, 'RR', 'Riviere du Rempart'),
(2290, 136, 'SA', 'Savanne'),
(2291, 136, 'VP', 'Vacoas-Phoenix'),
(2292, 138, 'AGU', 'Aguascalientes'),
(2293, 138, 'BCN', 'Baja California'),
(2294, 138, 'BCS', 'Baja California Sur'),
(2295, 138, 'CAM', 'Campeche'),
(2296, 138, 'CHH', 'Chihuahua'),
(2297, 138, 'CHP', 'Chiapas'),
(2298, 138, 'COA', 'Coahuila'),
(2299, 138, 'COL', 'Colima'),
(2300, 138, 'DIF', 'Distrito Federal'),
(2301, 138, 'DUR', 'Durango'),
(2302, 138, 'GRO', 'Guerrero'),
(2303, 138, 'GUA', 'Guanajuato'),
(2304, 138, 'HID', 'Hidalgo'),
(2305, 138, 'JAL', 'Jalisco'),
(2306, 138, 'MEX', 'Mexico'),
(2307, 138, 'MIC', 'Michoac'),
(2308, 138, 'MOR', 'Morelos'),
(2309, 138, 'NAY', 'Nayarit'),
(2310, 138, 'NLE', 'Nuevo Le?n'),
(2311, 138, 'OAX', 'Oaxaca'),
(2312, 138, 'PUE', 'Puebla'),
(2313, 138, 'QUE', 'Quer?taro'),
(2314, 138, 'ROO', 'Quintana Roo'),
(2315, 138, 'SIN', 'Sinaloa'),
(2316, 138, 'SLP', 'San Luis Potos'),
(2317, 138, 'SON', 'Sonora'),
(2318, 138, 'TAB', 'Tabasco'),
(2319, 138, 'TAM', 'Tamaulipas'),
(2320, 138, 'TLA', 'Tlaxcala'),
(2321, 138, 'VER', 'Veracruz'),
(2322, 138, 'YUC', 'Yucatan'),
(2323, 138, 'ZAC', 'Zacatecas'),
(2324, 139, 'KSA', 'Kosrae'),
(2325, 139, 'PNI', 'Pohnpei'),
(2326, 139, 'TRK', 'Chuuk'),
(2327, 139, 'YAP', 'Yap'),
(2328, 140, 'BA', 'B?l?i'),
(2329, 140, 'CA', 'Cahul'),
(2330, 140, 'CU', 'Chi?in?u'),
(2331, 140, 'ED', 'Edine?'),
(2332, 140, 'GA', 'G?g?uzia'),
(2333, 140, 'LA', 'L?pu?na'),
(2334, 140, 'OR', 'Orhei'),
(2335, 140, 'SN', 'St?nga Nistrului'),
(2336, 140, 'SO', 'Soroca'),
(2337, 140, 'TI', 'Tighina'),
(2338, 140, 'UN', 'Ungheni'),
(2339, 141, 'MC', 'Monte Carlo'),
(2340, 141, 'LR', 'La Rousse'),
(2341, 141, 'LA', 'Larvotto'),
(2342, 141, 'MV', 'Monaco Ville'),
(2343, 141, 'SM', 'Saint Michel'),
(2344, 141, 'CO', 'Condamine'),
(2345, 141, 'LC', 'La Colle'),
(2346, 141, 'RE', 'Les R?voires'),
(2347, 141, 'MO', 'Moneghetti'),
(2348, 141, 'FV', 'Fontvieille'),
(2349, 142, '1', '???????????'),
(2350, 142, '035', '????? ?????'),
(2351, 142, '037', '??????-??? ?????'),
(2352, 142, '039', '?????? ?????'),
(2353, 142, '041', '??????? ?????'),
(2354, 142, '043', '???? ?????'),
(2355, 142, '046', '??? ?????'),
(2356, 142, '047', '??? ?????'),
(2357, 142, '049', '??????? ?????'),
(2358, 142, '051', '????????? ?????'),
(2359, 142, '053', '???????? ?????'),
(2360, 142, '055', '?????????? ?????'),
(2361, 142, '057', '?????? ?????'),
(2362, 142, '059', '???????? ?????'),
(2363, 142, '061', '?????? ?????'),
(2364, 142, '063', '????????? ?????'),
(2365, 142, '064', '?????????? ?????'),
(2366, 142, '065', '????-????? ?????'),
(2367, 142, '067', '?????? ?????'),
(2368, 142, '069', '?????????? ?????'),
(2369, 142, '071', '???? ????? ?????'),
(2370, 142, '073', '???????? ?????'),
(2371, 143, 'A', 'Saint Anthony'),
(2372, 143, 'G', 'Saint Georges'),
(2373, 143, 'P', 'Saint Peter'),
(2374, 145, 'A', 'Niassa'),
(2375, 145, 'B', 'Manica'),
(2376, 145, 'G', 'Gaza'),
(2377, 145, 'I', 'Inhambane'),
(2378, 145, 'L', 'Maputo'),
(2379, 145, 'MPM', 'Maputo cidade'),
(2380, 145, 'N', 'Nampula'),
(2381, 145, 'P', 'Cabo Delgado'),
(2382, 145, 'Q', 'Zamb?zia'),
(2383, 145, 'S', 'Sofala'),
(2384, 145, 'T', 'Tete'),
(2385, 146, 'AY', '?????????????'),
(2386, 146, 'BG', '????????????'),
(2387, 146, 'MG', '?????????????'),
(2388, 146, 'MD', '??????????????'),
(2389, 146, 'SG', '???????????????????'),
(2390, 146, 'TN', '???????????????'),
(2391, 146, 'YG', '????????????????'),
(2392, 146, 'CH', '?????????????????'),
(2393, 146, 'KC', '?????????????????'),
(2394, 146, 'KH', '???????????????'),
(2395, 146, 'KN', '????????????????'),
(2396, 146, 'MN', '????????????????'),
(2397, 146, 'RK', '?????????????????'),
(2398, 146, 'SH', '????????????????'),
(2399, 147, 'CA', 'Caprivi'),
(2400, 147, 'ER', 'Erongo'),
(2401, 147, 'HA', 'Hardap'),
(2402, 147, 'KA', 'Karas'),
(2403, 147, 'KH', 'Khomas'),
(2404, 147, 'KU', 'Kunene'),
(2405, 147, 'OD', 'Otjozondjupa'),
(2406, 147, 'OH', 'Omaheke'),
(2407, 147, 'OK', 'Okavango'),
(2408, 147, 'ON', 'Oshana'),
(2409, 147, 'OS', 'Omusati'),
(2410, 147, 'OT', 'Oshikoto'),
(2411, 147, 'OW', 'Ohangwena'),
(2412, 148, 'AO', 'Aiwo'),
(2413, 148, 'AA', 'Anabar'),
(2414, 148, 'AT', 'Anetan'),
(2415, 148, 'AI', 'Anibare'),
(2416, 148, 'BA', 'Baiti'),
(2417, 148, 'BO', 'Boe'),
(2418, 148, 'BU', 'Buada'),
(2419, 148, 'DE', 'Denigomodu'),
(2420, 148, 'EW', 'Ewa'),
(2421, 148, 'IJ', 'Ijuw'),
(2422, 148, 'ME', 'Meneng'),
(2423, 148, 'NI', 'Nibok'),
(2424, 148, 'UA', 'Uaboe'),
(2425, 148, 'YA', 'Yaren'),
(2426, 149, 'BA', 'Bagmati'),
(2427, 149, 'BH', 'Bheri'),
(2428, 149, 'DH', 'Dhawalagiri'),
(2429, 149, 'GA', 'Gandaki'),
(2430, 149, 'JA', 'Janakpur'),
(2431, 149, 'KA', 'Karnali'),
(2432, 149, 'KO', 'Kosi'),
(2433, 149, 'LU', 'Lumbini'),
(2434, 149, 'MA', 'Mahakali'),
(2435, 149, 'ME', 'Mechi'),
(2436, 149, 'NA', 'Narayani'),
(2437, 149, 'RA', 'Rapti'),
(2438, 149, 'SA', 'Sagarmatha'),
(2439, 149, 'SE', 'Seti'),
(2440, 150, 'DR', 'Drenthe'),
(2441, 150, 'FL', 'Flevoland'),
(2442, 150, 'FR', 'Friesland'),
(2443, 150, 'GE', 'Gelderland'),
(2444, 150, 'GR', 'Groningen'),
(2445, 150, 'LI', 'Limburg'),
(2446, 150, 'NB', 'Noord-Brabant'),
(2447, 150, 'NH', 'Noord-Holland'),
(2448, 150, 'OV', 'Overijssel'),
(2449, 150, 'UT', 'Utrecht'),
(2450, 150, 'ZE', 'Zeeland'),
(2451, 150, 'ZH', 'Zuid-Holland'),
(2452, 152, 'L', 'Province des ?les'),
(2453, 152, 'N', 'Province Nord'),
(2454, 152, 'S', 'Province Sud'),
(2455, 153, 'AUK', 'Auckland'),
(2456, 153, 'BOP', 'Bay of Plenty'),
(2457, 153, 'CAN', 'Canterbury'),
(2458, 153, 'GIS', 'Gisborne'),
(2459, 153, 'HKB', 'Hawke''s Bay'),
(2460, 153, 'MBH', 'Marlborough'),
(2461, 153, 'MWT', 'Manawatu-Wanganui'),
(2462, 153, 'NSN', 'Nelson'),
(2463, 153, 'NTL', 'Northland'),
(2464, 153, 'OTA', 'Otago'),
(2465, 153, 'STL', 'Southland'),
(2466, 153, 'TAS', 'Tasman'),
(2467, 153, 'TKI', 'Taranaki'),
(2468, 153, 'WGN', 'Wellington'),
(2469, 153, 'WKO', 'Waikato'),
(2470, 153, 'WTC', 'West Coast'),
(2471, 154, 'AN', 'Atl?ntico Norte'),
(2472, 154, 'AS', 'Atl?ntico Sur'),
(2473, 154, 'BO', 'Boaco'),
(2474, 154, 'CA', 'Carazo'),
(2475, 154, 'CI', 'Chinandega'),
(2476, 154, 'CO', 'Chontales'),
(2477, 154, 'ES', 'Estel'),
(2478, 154, 'GR', 'Granada'),
(2479, 154, 'JI', 'Jinotega'),
(2480, 154, 'LE', 'Le?n'),
(2481, 154, 'MD', 'Madriz'),
(2482, 154, 'MN', 'Managua'),
(2483, 154, 'MS', 'Masaya'),
(2484, 154, 'MT', 'Matagalpa'),
(2485, 154, 'NS', 'Nueva Segovia'),
(2486, 154, 'RI', 'Rivas'),
(2487, 154, 'SJ', 'R?o San Juan'),
(2488, 155, '1', 'Agadez'),
(2489, 155, '2', 'Daffa'),
(2490, 155, '3', 'Dosso'),
(2491, 155, '4', 'Maradi'),
(2492, 155, '5', 'Tahoua'),
(2493, 155, '6', 'Tillab?ry'),
(2494, 155, '7', 'Zinder'),
(2495, 155, '8', 'Niamey'),
(2496, 156, 'AB', 'Abia State'),
(2497, 156, 'AD', 'Adamawa State'),
(2498, 156, 'AK', 'Akwa Ibom State'),
(2499, 156, 'AN', 'Anambra State'),
(2500, 156, 'BA', 'Bauchi State'),
(2501, 156, 'BE', 'Benue State'),
(2502, 156, 'BO', 'Borno State'),
(2503, 156, 'BY', 'Bayelsa State'),
(2504, 156, 'CR', 'Cross River State'),
(2505, 156, 'DE', 'Delta State'),
(2506, 156, 'EB', 'Ebonyi State'),
(2507, 156, 'ED', 'Edo State'),
(2508, 156, 'EK', 'Ekiti State'),
(2509, 156, 'EN', 'Enugu State'),
(2510, 156, 'GO', 'Gombe State'),
(2511, 156, 'IM', 'Imo State'),
(2512, 156, 'JI', 'Jigawa State'),
(2513, 156, 'KB', 'Kebbi State'),
(2514, 156, 'KD', 'Kaduna State'),
(2515, 156, 'KN', 'Kano State'),
(2516, 156, 'KO', 'Kogi State'),
(2517, 156, 'KT', 'Katsina State'),
(2518, 156, 'KW', 'Kwara State'),
(2519, 156, 'LA', 'Lagos State'),
(2520, 156, 'NA', 'Nassarawa State'),
(2521, 156, 'NI', 'Niger State'),
(2522, 156, 'OG', 'Ogun State'),
(2523, 156, 'ON', 'Ondo State'),
(2524, 156, 'OS', 'Osun State'),
(2525, 156, 'OY', 'Oyo State'),
(2526, 156, 'PL', 'Plateau State'),
(2527, 156, 'RI', 'Rivers State'),
(2528, 156, 'SO', 'Sokoto State'),
(2529, 156, 'TA', 'Taraba State'),
(2530, 156, 'ZA', 'Zamfara State'),
(2531, 159, 'N', 'Northern Islands'),
(2532, 159, 'R', 'Rota'),
(2533, 159, 'S', 'Saipan'),
(2534, 159, 'T', 'Tinian'),
(2535, 160, '01', '?stfold fylke'),
(2536, 160, '02', 'Akershus fylke'),
(2537, 160, '03', 'Oslo fylke'),
(2538, 160, '04', 'Hedmark fylke'),
(2539, 160, '05', 'Oppland fylke'),
(2540, 160, '06', 'Buskerud fylke'),
(2541, 160, '07', 'Vestfold fylke'),
(2542, 160, '08', 'Telemark fylke'),
(2543, 160, '09', 'Aust-Agder fylke'),
(2544, 160, '10', 'Vest-Agder fylke'),
(2545, 160, '11', 'Rogaland fylke'),
(2546, 160, '12', 'Hordaland fylke'),
(2547, 160, '14', 'Sogn og Fjordane fylke'),
(2548, 160, '15', 'M?re og Romsdal fylke'),
(2549, 160, '16', 'S?r-Tr?ndelag fylke'),
(2550, 160, '17', 'Nord-Tr?ndelag fylke'),
(2551, 160, '18', 'Nordland fylke'),
(2552, 160, '19', 'Troms fylke'),
(2553, 160, '20', 'Finnmark fylke'),
(2554, 161, 'BA', '???????'),
(2555, 161, 'DA', '????????'),
(2556, 161, 'DH', '????'),
(2557, 161, 'MA', '????'),
(2558, 161, 'MU', '?????'),
(2559, 161, 'SH', '???????'),
(2560, 161, 'WU', '??????'),
(2561, 161, 'ZA', '???????'),
(2562, 162, 'BA', '????????'),
(2563, 162, 'IS', '????? ??????????'),
(2564, 162, 'JK', '???? ?????'),
(2565, 162, 'NA', '????? ????? ???'),
(2566, 162, 'NW', '???? ????? ????? ????'),
(2567, 162, 'PB', '?????'),
(2568, 162, 'SD', '????'),
(2569, 162, 'TA', '????? ?????? ????? ???'),
(2570, 163, 'AM', 'Aimeliik'),
(2571, 163, 'AR', 'Airai'),
(2572, 163, 'AN', 'Angaur'),
(2573, 163, 'HA', 'Hatohobei'),
(2574, 163, 'KA', 'Kayangel'),
(2575, 163, 'KO', 'Koror'),
(2576, 163, 'ME', 'Melekeok'),
(2577, 163, 'NA', 'Ngaraard'),
(2578, 163, 'NG', 'Ngarchelong'),
(2579, 163, 'ND', 'Ngardmau'),
(2580, 163, 'NT', 'Ngatpang'),
(2581, 163, 'NC', 'Ngchesar'),
(2582, 163, 'NR', 'Ngeremlengui'),
(2583, 163, 'NW', 'Ngiwal'),
(2584, 163, 'PE', 'Peleliu'),
(2585, 163, 'SO', 'Sonsorol'),
(2586, 164, '1', 'Bocas del Toro'),
(2587, 164, '2', 'Cocl'),
(2588, 164, '3', 'Col?n'),
(2589, 164, '4', 'Chiriqu'),
(2590, 164, '5', 'Dari'),
(2591, 164, '6', 'Herrera'),
(2592, 164, '7', 'Los Santos'),
(2593, 164, '8', 'Panam'),
(2594, 164, '9', 'Veraguas'),
(2595, 164, 'Q', 'Kuna Yala'),
(2596, 165, 'CPK', 'Chimbu'),
(2597, 165, 'CPM', 'Central'),
(2598, 165, 'EBR', 'East New Britain'),
(2599, 165, 'EHG', 'Eastern Highlands'),
(2600, 165, 'EPW', 'Enga'),
(2601, 165, 'ESW', 'East Sepik'),
(2602, 165, 'GPK', 'Gulf'),
(2603, 165, 'MBA', 'Milne Bay'),
(2604, 165, 'MPL', 'Morobe'),
(2605, 165, 'MPM', 'Madang'),
(2606, 165, 'MRL', 'Manus'),
(2607, 165, 'NCD', 'National Capital District'),
(2608, 165, 'NIK', 'New Ireland'),
(2609, 165, 'NPP', 'Northern'),
(2610, 165, 'NSA', 'North Solomons'),
(2611, 165, 'SAN', 'Sandaun'),
(2612, 165, 'SHM', 'Southern Highlands'),
(2613, 165, 'WBK', 'West New Britain'),
(2614, 165, 'WHM', 'Western Highlands'),
(2615, 165, 'WPD', 'Western'),
(2616, 166, '1', 'Concepci?n'),
(2617, 166, '2', 'San Pedro'),
(2618, 166, '3', 'Cordillera'),
(2619, 166, '4', 'Guair'),
(2620, 166, '5', 'Caaguaz?'),
(2621, 166, '6', 'Caazap'),
(2622, 166, '7', 'Itap?a'),
(2623, 166, '8', 'Misiones'),
(2624, 166, '9', 'Paraguar'),
(2625, 166, '10', 'Alto Paran'),
(2626, 166, '11', 'Central'),
(2627, 166, '12', '?eembuc?'),
(2628, 166, '13', 'Amambay'),
(2629, 166, '14', 'Canindey?'),
(2630, 166, '15', 'Presidente Hayes'),
(2631, 166, '16', 'Alto Paraguay'),
(2632, 166, '19', 'Boquer?n'),
(2633, 166, 'ASU', 'Asunci?n'),
(2634, 167, 'AMA', 'Amazonas'),
(2635, 167, 'ANC', 'Ancash'),
(2636, 167, 'APU', 'Apur?mac'),
(2637, 167, 'ARE', 'Arequipa'),
(2638, 167, 'AYA', 'Ayacucho'),
(2639, 167, 'CAJ', 'Cajamarca'),
(2640, 167, 'CAL', 'Callao'),
(2641, 167, 'CUS', 'Cuzco'),
(2642, 167, 'HUC', 'Hu?nuco'),
(2643, 167, 'HUV', 'Huancavelica'),
(2644, 167, 'ICA', 'Ica'),
(2645, 167, 'JUN', 'Jun'),
(2646, 167, 'LAL', 'La Libertad'),
(2647, 167, 'LAM', 'Lambayeque'),
(2648, 167, 'LIM', 'Lima'),
(2649, 167, 'LOR', 'Loreto'),
(2650, 167, 'MDD', 'Madre de Dios'),
(2651, 167, 'MOQ', 'Moquegua'),
(2652, 167, 'PAS', 'Pasco'),
(2653, 167, 'PIU', 'Piura'),
(2654, 167, 'PUN', 'Puno'),
(2655, 167, 'SAM', 'San Mart'),
(2656, 167, 'TAC', 'Tacna'),
(2657, 167, 'TUM', 'Tumbes'),
(2658, 167, 'UCA', 'Ucayali'),
(2659, 168, 'ABR', 'Abra'),
(2660, 168, 'AGN', 'Agusan del Norte'),
(2661, 168, 'AGS', 'Agusan del Sur'),
(2662, 168, 'AKL', 'Aklan'),
(2663, 168, 'ALB', 'Albay'),
(2664, 168, 'ANT', 'Antique'),
(2665, 168, 'APA', 'Apayao'),
(2666, 168, 'AUR', 'Aurora'),
(2667, 168, 'BAN', 'Bataan'),
(2668, 168, 'BAS', 'Basilan'),
(2669, 168, 'BEN', 'Benguet'),
(2670, 168, 'BIL', 'Biliran'),
(2671, 168, 'BOH', 'Bohol'),
(2672, 168, 'BTG', 'Batangas'),
(2673, 168, 'BTN', 'Batanes'),
(2674, 168, 'BUK', 'Bukidnon'),
(2675, 168, 'BUL', 'Bulacan'),
(2676, 168, 'CAG', 'Cagayan'),
(2677, 168, 'CAM', 'Camiguin'),
(2678, 168, 'CAN', 'Camarines Norte'),
(2679, 168, 'CAP', 'Capiz'),
(2680, 168, 'CAS', 'Camarines Sur'),
(2681, 168, 'CAT', 'Catanduanes'),
(2682, 168, 'CAV', 'Cavite'),
(2683, 168, 'CEB', 'Cebu'),
(2684, 168, 'COM', 'Compostela Valley'),
(2685, 168, 'DAO', 'Davao Oriental'),
(2686, 168, 'DAS', 'Davao del Sur'),
(2687, 168, 'DAV', 'Davao del Norte'),
(2688, 168, 'EAS', 'Eastern Samar'),
(2689, 168, 'GUI', 'Guimaras'),
(2690, 168, 'IFU', 'Ifugao'),
(2691, 168, 'ILI', 'Iloilo'),
(2692, 168, 'ILN', 'Ilocos Norte'),
(2693, 168, 'ILS', 'Ilocos Sur'),
(2694, 168, 'ISA', 'Isabela'),
(2695, 168, 'KAL', 'Kalinga'),
(2696, 168, 'LAG', 'Laguna'),
(2697, 168, 'LAN', 'Lanao del Norte'),
(2698, 168, 'LAS', 'Lanao del Sur'),
(2699, 168, 'LEY', 'Leyte'),
(2700, 168, 'LUN', 'La Union'),
(2701, 168, 'MAD', 'Marinduque'),
(2702, 168, 'MAG', 'Maguindanao'),
(2703, 168, 'MAS', 'Masbate'),
(2704, 168, 'MDC', 'Mindoro Occidental'),
(2705, 168, 'MDR', 'Mindoro Oriental'),
(2706, 168, 'MOU', 'Mountain Province'),
(2707, 168, 'MSC', 'Misamis Occidental'),
(2708, 168, 'MSR', 'Misamis Oriental'),
(2709, 168, 'NCO', 'Cotabato'),
(2710, 168, 'NSA', 'Northern Samar'),
(2711, 168, 'NEC', 'Negros Occidental'),
(2712, 168, 'NER', 'Negros Oriental'),
(2713, 168, 'NUE', 'Nueva Ecija'),
(2714, 168, 'NUV', 'Nueva Vizcaya'),
(2715, 168, 'PAM', 'Pampanga'),
(2716, 168, 'PAN', 'Pangasinan'),
(2717, 168, 'PLW', 'Palawan'),
(2718, 168, 'QUE', 'Quezon'),
(2719, 168, 'QUI', 'Quirino'),
(2720, 168, 'RIZ', 'Rizal'),
(2721, 168, 'ROM', 'Romblon'),
(2722, 168, 'SAR', 'Sarangani'),
(2723, 168, 'SCO', 'South Cotabato'),
(2724, 168, 'SIG', 'Siquijor'),
(2725, 168, 'SLE', 'Southern Leyte'),
(2726, 168, 'SLU', 'Sulu'),
(2727, 168, 'SOR', 'Sorsogon'),
(2728, 168, 'SUK', 'Sultan Kudarat'),
(2729, 168, 'SUN', 'Surigao del Norte'),
(2730, 168, 'SUR', 'Surigao del Sur'),
(2731, 168, 'TAR', 'Tarlac'),
(2732, 168, 'TAW', 'Tawi-Tawi'),
(2733, 168, 'WSA', 'Samar'),
(2734, 168, 'ZAN', 'Zamboanga del Norte'),
(2735, 168, 'ZAS', 'Zamboanga del Sur'),
(2736, 168, 'ZMB', 'Zambales'),
(2737, 168, 'ZSI', 'Zamboanga Sibugay'),
(2738, 170, 'DS', 'Dolno?l?skie'),
(2739, 170, 'KP', 'Kujawsko-Pomorskie'),
(2740, 170, 'LU', 'Lubelskie'),
(2741, 170, 'LB', 'Lubuskie'),
(2742, 170, 'LD', '??dzkie'),
(2743, 170, 'MA', 'Ma?opolskie'),
(2744, 170, 'MZ', 'Mazowieckie'),
(2745, 170, 'OP', 'Opolskie'),
(2746, 170, 'PK', 'Podkarpackie'),
(2747, 170, 'PD', 'Podlaskie'),
(2748, 170, 'PM', 'Pomorskie'),
(2749, 170, 'SL', '?l?skie'),
(2750, 170, 'SK', '?wi?tokrzyskie'),
(2751, 170, 'WN', 'Warmi?sko-Mazurskie'),
(2752, 170, 'WP', 'Wielkopolskie'),
(2753, 170, 'ZP', 'Zachodniopomorskie'),
(2754, 171, '01', 'Aveiro'),
(2755, 171, '02', 'Beja'),
(2756, 171, '03', 'Braga'),
(2757, 171, '04', 'Bragan'),
(2758, 171, '05', 'Castelo Branco'),
(2759, 171, '06', 'Coimbra'),
(2760, 171, '07', '?vora'),
(2761, 171, '08', 'Faro'),
(2762, 171, '09', 'Guarda'),
(2763, 171, '10', 'Leiria'),
(2764, 171, '11', 'Lisboa'),
(2765, 171, '12', 'Portalegre'),
(2766, 171, '13', 'Porto'),
(2767, 171, '14', 'Santar'),
(2768, 171, '15', 'Set?bal'),
(2769, 171, '16', 'Viana do Castelo'),
(2770, 171, '17', 'Vila Real'),
(2771, 171, '18', 'Viseu'),
(2772, 171, '20', 'Regi?o Aut?noma dos A?ores'),
(2773, 171, '30', 'Regi?o Aut?noma da Madeira'),
(2774, 173, 'DA', '??????'),
(2775, 173, 'GH', '????????'),
(2776, 173, 'JB', '????? ???????'),
(2777, 173, 'JU', '????????'),
(2778, 173, 'KH', '?????'),
(2779, 173, 'ME', '??????'),
(2780, 173, 'MS', '??????'),
(2781, 173, 'RA', '??????'),
(2782, 173, 'US', '?? ????'),
(2783, 173, 'WA', '??????'),
(2784, 175, 'AB', 'Alba'),
(2785, 175, 'AG', 'Arge?'),
(2786, 175, 'AR', 'Arad'),
(2787, 175, 'B', 'Bucure?ti'),
(2788, 175, 'BC', 'Bac?u'),
(2789, 175, 'BH', 'Bihor'),
(2790, 175, 'BN', 'Bistri?a-N?s?ud'),
(2791, 175, 'BR', 'Br?ila'),
(2792, 175, 'BT', 'Boto?ani'),
(2793, 175, 'BV', 'Bra?ov'),
(2794, 175, 'BZ', 'Buz?u'),
(2795, 175, 'CJ', 'Cluj'),
(2796, 175, 'CL', 'C?l?ra?i'),
(2797, 175, 'CS', 'Cara?-Severin'),
(2798, 175, 'CT', 'Constan?a'),
(2799, 175, 'CV', 'Covasna'),
(2800, 175, 'DB', 'D?mbovi?a'),
(2801, 175, 'DJ', 'Dolj'),
(2802, 175, 'GJ', 'Gorj'),
(2803, 175, 'GL', 'Gala?i'),
(2804, 175, 'GR', 'Giurgiu'),
(2805, 175, 'HD', 'Hunedoara'),
(2806, 175, 'HG', 'Harghita'),
(2807, 175, 'IF', 'Ilfov'),
(2808, 175, 'IL', 'Ialomi?a'),
(2809, 175, 'IS', 'Ia?i'),
(2810, 175, 'MH', 'Mehedin?i'),
(2811, 175, 'MM', 'Maramure?'),
(2812, 175, 'MS', 'Mure?'),
(2813, 175, 'NT', 'Neam?'),
(2814, 175, 'OT', 'Olt'),
(2815, 175, 'PH', 'Prahova'),
(2816, 175, 'SB', 'Sibiu'),
(2817, 175, 'SJ', 'S?laj'),
(2818, 175, 'SM', 'Satu Mare'),
(2819, 175, 'SV', 'Suceava'),
(2820, 175, 'TL', 'Tulcea'),
(2821, 175, 'TM', 'Timi?'),
(2822, 175, 'TR', 'Teleorman'),
(2823, 175, 'VL', 'V?lcea'),
(2824, 175, 'VN', 'Vrancea'),
(2825, 175, 'VS', 'Vaslui'),
(2826, 176, 'AD', '??????? ? ??????????'),
(2827, 176, 'AGB', '?????????-?????????? ??????????? '),
(2828, 176, 'AL', '?????? ? ??????????'),
(2829, 176, 'ALT', '?????????? ????'),
(2830, 176, 'AMU', '????????? ????????'),
(2831, 176, 'ARK', '?????????????? ????????'),
(2832, 176, 'AST', '????????????? ????????'),
(2833, 176, 'BA', '????????????? ? ??????????'),
(2834, 176, 'BEL', '????????????? ????????'),
(2835, 176, 'BRY', '????????? ????????'),
(2836, 176, 'BU', '???????? ? ??????????'),
(2837, 176, 'CE', '?????????? ? ??????????'),
(2838, 176, 'CHE', '???????????? ????????'),
(2839, 176, 'CHI', '?????????? ????????'),
(2840, 176, 'CHU', '?????????? ??????????? ??????'),
(2841, 176, 'CU', '?????????? ? ??????????'),
(2842, 176, 'DA', '????????? ? ??????????'),
(2843, 176, 'EVE', '???????????? ??????????? ??????'),
(2844, 176, 'IN', '?????????? ? ??????????'),
(2845, 176, 'IRK', '?????????? ????????'),
(2846, 176, 'IVA', '??????????? ????????'),
(2847, 176, 'KAM', '??????????? ????????'),
(2848, 176, 'KB', '??????????-??????????? ? ?????????'),
(2849, 176, 'KC', '??????????-??????????? ? ?????????'),
(2850, 176, 'KDA', '?????????????? ????'),
(2851, 176, 'KEM', '???????????? ????????'),
(2852, 176, 'KGD', '???????????????? ????????'),
(2853, 176, 'KGN', '??????????? ????????'),
(2854, 176, 'KHA', '???????????? ????'),
(2855, 176, 'KHM', '??????-??????????? ??????????? ??'),
(2856, 176, 'KIA', '????????????? ????'),
(2857, 176, 'KIR', '?????????? ????????'),
(2858, 176, 'KK', '????????'),
(2859, 176, 'KL', '????????? ? ??????????'),
(2860, 176, 'KLU', '?????????? ????????'),
(2861, 176, 'KO', '????? ? ??????????'),
(2862, 176, 'KOR', '?????????? ??????????? ??????'),
(2863, 176, 'KOS', '???????????? ????????'),
(2864, 176, 'KR', '???????? ? ??????????'),
(2865, 176, 'KRS', '???????? ????????'),
(2866, 176, 'LEN', '?????????????? ????????'),
(2867, 176, 'LIP', '????????? ????????'),
(2868, 176, 'MAG', '???????????? ????????'),
(2869, 176, 'ME', '?????? ?? ? ??????????'),
(2870, 176, 'MO', '????????? ? ??????????'),
(2871, 176, 'MOS', '??????????? ????????'),
(2872, 176, 'MOW', '???????'),
(2873, 176, 'MUR', '??????????? ????????'),
(2874, 176, 'NEN', '????????? ??????????? ??????'),
(2875, 176, 'NGR', '????????????? ????????'),
(2876, 176, 'NIZ', '?????????????? ????????'),
(2877, 176, 'NVS', '?????????????? ????????'),
(2878, 176, 'OMS', '??????? ????????'),
(2879, 176, 'ORE', '????????????? ????????'),
(2880, 176, 'ORL', '?????????? ????????'),
(2881, 176, 'PNZ', '??????????? ????????'),
(2882, 176, 'PRI', '??????????? ????'),
(2883, 176, 'PSK', '?????????? ????????'),
(2884, 176, 'ROS', '? ?????????? ????????'),
(2885, 176, 'RYA', '? ????????? ????????'),
(2886, 176, 'SA', '????? (???????) ? ??????????'),
(2887, 176, 'SAK', '???????????? ????????'),
(2888, 176, 'SAM', '?????????? ????????'),
(2889, 176, 'SAR', '???????????? ????????'),
(2890, 176, 'SE', '????????? ??????????????? ? ?????'),
(2891, 176, 'SMO', '??????????? ????????'),
(2892, 176, 'SPE', '?????-??????????'),
(2893, 176, 'STA', '??????????????? ????'),
(2894, 176, 'SVE', '????????????? ????????'),
(2895, 176, 'TA', '? ?????????? ??????????'),
(2896, 176, 'TAM', '??????????? ????????'),
(2897, 176, 'TAY', '??????????? ??????????? ??????'),
(2898, 176, 'TOM', '???????? ????????'),
(2899, 176, 'TUL', '????????? ????????'),
(2900, 176, 'TVE', '????????? ????????'),
(2901, 176, 'TY', '????? ? ??????????'),
(2902, 176, 'TYU', '?????????? ????????'),
(2903, 176, 'UD', '??????????? ? ??????????'),
(2904, 176, 'ULY', '???????????? ????????'),
(2905, 176, 'UOB', '????-?????????? ?????????? ??????'),
(2906, 176, 'VGG', '?????????????? ????????'),
(2907, 176, 'VLA', '????????????? ????????'),
(2908, 176, 'VLG', '???????????? ????????'),
(2909, 176, 'VOR', '???????????? ????????'),
(2910, 176, 'XXX', '????????? ????'),
(2911, 176, 'YAN', '??????-????????? ??????????? ????'),
(2912, 176, 'YAR', '???????????? ????????'),
(2913, 176, 'YEV', '?????????? ??????????? ????????'),
(2914, 177, 'N', 'Nord'),
(2915, 177, 'E', 'Est'),
(2916, 177, 'S', 'Sud'),
(2917, 177, 'O', 'Ouest'),
(2918, 177, 'K', 'Kigali'),
(2919, 178, 'K', 'Saint Kitts'),
(2920, 178, 'N', 'Nevis'),
(2921, 179, 'AR', 'Anse-la-Raye'),
(2922, 179, 'CA', 'Castries'),
(2923, 179, 'CH', 'Choiseul'),
(2924, 179, 'DA', 'Dauphin'),
(2925, 179, 'DE', 'Dennery'),
(2926, 179, 'GI', 'Gros-Islet'),
(2927, 179, 'LA', 'Laborie'),
(2928, 179, 'MI', 'Micoud'),
(2929, 179, 'PR', 'Praslin'),
(2930, 179, 'SO', 'Soufriere'),
(2931, 179, 'VF', 'Vieux-Fort'),
(2932, 180, 'C', 'Charlotte'),
(2933, 180, 'R', 'Grenadines'),
(2934, 180, 'A', 'Saint Andrew'),
(2935, 180, 'D', 'Saint David'),
(2936, 180, 'G', 'Saint George'),
(2937, 180, 'P', 'Saint Patrick'),
(2938, 181, 'AA', 'A''ana'),
(2939, 181, 'AL', 'Aiga-i-le-Tai'),
(2940, 181, 'AT', 'Atua'),
(2941, 181, 'FA', 'Fa''asaleleaga'),
(2942, 181, 'GE', 'Gaga''emauga'),
(2943, 181, 'GI', 'Gaga''ifomauga'),
(2944, 181, 'PA', 'Palauli'),
(2945, 181, 'SA', 'Satupa''itea'),
(2946, 181, 'TU', 'Tuamasaga'),
(2947, 181, 'VF', 'Va''a-o-Fonoti'),
(2948, 181, 'VS', 'Vaisigano'),
(2949, 182, 'AC', 'Acquaviva'),
(2950, 182, 'BM', 'Borgo Maggiore'),
(2951, 182, 'CH', 'Chiesanuova'),
(2952, 182, 'DO', 'Domagnano'),
(2953, 182, 'FA', 'Faetano'),
(2954, 182, 'FI', 'Fiorentino'),
(2955, 182, 'MO', 'Montegiardino'),
(2956, 182, 'SM', 'Citta di San Marino'),
(2957, 182, 'SE', 'Serravalle'),
(2958, 183, 'P', 'Pr?ncipe'),
(2959, 183, 'S', 'S?o Tom'),
(2960, 184, '01', '??????'),
(2961, 184, '02', '??? ???????'),
(2962, 184, '03', '???????'),
(2963, 184, '04', '???????'),
(2964, 184, '05', '??????'),
(2965, 184, '06', '????'),
(2966, 184, '07', '????'),
(2967, 184, '08', '?????? ????????'),
(2968, 184, '09', '?????'),
(2969, 184, '10', '?????'),
(2970, 184, '11', '??????'),
(2971, 184, '12', '?????'),
(2972, 184, '14', '????'),
(2973, 185, 'DA', 'Dakar'),
(2974, 185, 'DI', 'Diourbel'),
(2975, 185, 'FA', 'Fatick'),
(2976, 185, 'KA', 'Kaolack'),
(2977, 185, 'KO', 'Kolda'),
(2978, 185, 'LO', 'Louga'),
(2979, 185, 'MA', 'Matam'),
(2980, 185, 'SL', 'Saint-Louis'),
(2981, 185, 'TA', 'Tambacounda'),
(2982, 185, 'TH', 'Thies '),
(2983, 185, 'ZI', 'Ziguinchor'),
(2984, 186, 'AP', 'Anse aux Pins'),
(2985, 186, 'AB', 'Anse Boileau'),
(2986, 186, 'AE', 'Anse Etoile'),
(2987, 186, 'AL', 'Anse Louis'),
(2988, 186, 'AR', 'Anse Royale'),
(2989, 186, 'BL', 'Baie Lazare'),
(2990, 186, 'BS', 'Baie Sainte Anne'),
(2991, 186, 'BV', 'Beau Vallon'),
(2992, 186, 'BA', 'Bel Air'),
(2993, 186, 'BO', 'Bel Ombre'),
(2994, 186, 'CA', 'Cascade'),
(2995, 186, 'GL', 'Glacis'),
(2996, 186, 'GM', 'Grand'' Anse (on Mahe)'),
(2997, 186, 'GP', 'Grand'' Anse (on Praslin)'),
(2998, 186, 'DG', 'La Digue'),
(2999, 186, 'RA', 'La Riviere Anglaise'),
(3000, 186, 'MB', 'Mont Buxton'),
(3001, 186, 'MF', 'Mont Fleuri'),
(3002, 186, 'PL', 'Plaisance'),
(3003, 186, 'PR', 'Pointe La Rue'),
(3004, 186, 'PG', 'Port Glaud'),
(3005, 186, 'SL', 'Saint Louis'),
(3006, 186, 'TA', 'Takamaka'),
(3007, 187, 'E', 'Eastern'),
(3008, 187, 'N', 'Northern'),
(3009, 187, 'S', 'Southern'),
(3010, 187, 'W', 'Western'),
(3011, 189, 'BC', 'Banskobystrick? kraj'),
(3012, 189, 'BL', 'Bratislavsk? kraj'),
(3013, 189, 'KI', 'Ko?ick? kraj'),
(3014, 189, 'NJ', 'Nitriansk? kraj'),
(3015, 189, 'PV', 'Pre?ovsk? kraj'),
(3016, 189, 'TA', 'Trnavsk? kraj'),
(3017, 189, 'TC', 'Tren?iansk? kraj'),
(3018, 189, 'ZI', '?ilinsk? kraj'),
(3019, 190, '001', 'Ajdov??ina'),
(3020, 190, '002', 'Beltinci'),
(3021, 190, '003', 'Bled'),
(3022, 190, '004', 'Bohinj'),
(3023, 190, '005', 'Borovnica'),
(3024, 190, '006', 'Bovec'),
(3025, 190, '007', 'Brda'),
(3026, 190, '008', 'Brezovica'),
(3027, 190, '009', 'Bre?ice'),
(3028, 190, '010', 'Ti?ina'),
(3029, 190, '011', 'Celje'),
(3030, 190, '012', 'Cerklje na Gorenjskem'),
(3031, 190, '013', 'Cerknica'),
(3032, 190, '014', 'Cerkno'),
(3033, 190, '015', '?ren?ovci'),
(3034, 190, '016', '?rna na Koro?kem'),
(3035, 190, '017', '?rnomelj'),
(3036, 190, '018', 'Destrnik'),
(3037, 190, '019', 'Diva?a'),
(3038, 190, '020', 'Dobrepolje'),
(3039, 190, '021', 'Dobrova-Polhov Gradec'),
(3040, 190, '022', 'Dol pri Ljubljani'),
(3041, 190, '023', 'Dom?ale'),
(3042, 190, '024', 'Dornava'),
(3043, 190, '025', 'Dravograd'),
(3044, 190, '026', 'Duplek'),
(3045, 190, '027', 'Gorenja vas-Poljane'),
(3046, 190, '028', 'Gori?nica'),
(3047, 190, '029', 'Gornja Radgona'),
(3048, 190, '030', 'Gornji Grad'),
(3049, 190, '031', 'Gornji Petrovci'),
(3050, 190, '032', 'Grosuplje'),
(3051, 190, '033', '? alovci'),
(3052, 190, '034', 'Hrastnik'),
(3053, 190, '035', 'Hrpelje-Kozina'),
(3054, 190, '036', 'Idrija'),
(3055, 190, '037', 'Ig'),
(3056, 190, '038', 'Ilirska Bistrica'),
(3057, 190, '039', 'Ivan?na Gorica'),
(3058, 190, '040', 'Izola'),
(3059, 190, '041', 'Jesenice'),
(3060, 190, '042', 'Jur?inci'),
(3061, 190, '043', 'Kamnik'),
(3062, 190, '044', 'Kanal ob So?i'),
(3063, 190, '045', 'Kidri?evo'),
(3064, 190, '046', 'Kobarid'),
(3065, 190, '047', 'Kobilje'),
(3066, 190, '048', 'Ko?evje'),
(3067, 190, '049', 'Komen'),
(3068, 190, '050', 'Koper'),
(3069, 190, '051', 'Kozje'),
(3070, 190, '052', 'Kranj'),
(3071, 190, '053', 'Kranjska Gora'),
(3072, 190, '054', 'Kr?ko'),
(3073, 190, '055', 'Kungota'),
(3074, 190, '056', 'Kuzma'),
(3075, 190, '057', 'La?ko'),
(3076, 190, '058', 'Lenart'),
(3077, 190, '059', 'Lendava'),
(3078, 190, '060', 'Litija'),
(3079, 190, '061', 'Ljubljana'),
(3080, 190, '062', 'Ljubno'),
(3081, 190, '063', 'Ljutomer'),
(3082, 190, '064', 'Logatec'),
(3083, 190, '065', 'Lo?ka Dolina'),
(3084, 190, '066', 'Lo?ki Potok'),
(3085, 190, '067', 'Lu?e'),
(3086, 190, '068', 'Lukovica'),
(3087, 190, '069', 'Maj?perk'),
(3088, 190, '070', 'Maribor'),
(3089, 190, '071', 'Medvode'),
(3090, 190, '072', 'Menge?'),
(3091, 190, '073', 'Metlika'),
(3092, 190, '074', 'Me?ica'),
(3093, 190, '075', 'Miren-Kostanjevica'),
(3094, 190, '076', 'Mislinja'),
(3095, 190, '077', 'Morav?e'),
(3096, 190, '078', 'Moravske Toplice'),
(3097, 190, '079', 'Mozirje'),
(3098, 190, '080', 'Murska Sobota'),
(3099, 190, '081', 'Muta'),
(3100, 190, '082', 'Naklo'),
(3101, 190, '083', 'Nazarje'),
(3102, 190, '084', 'Nova Gorica'),
(3103, 190, '085', 'Novo mesto'),
(3104, 190, '086', 'Odranci'),
(3105, 190, '087', 'Ormo?'),
(3106, 190, '088', 'Osilnica'),
(3107, 190, '089', 'Pesnica'),
(3108, 190, '090', 'Piran'),
(3109, 190, '091', 'Pivka'),
(3110, 190, '092', 'Pod?etrtek'),
(3111, 190, '093', 'Podvelka'),
(3112, 190, '094', 'Postojna'),
(3113, 190, '095', 'Preddvor'),
(3114, 190, '096', 'Ptuj'),
(3115, 190, '097', 'Puconci'),
(3116, 190, '098', 'Ra?e-Fram'),
(3117, 190, '099', 'Rade?e'),
(3118, 190, '100', 'Radenci'),
(3119, 190, '101', 'Radlje ob Dravi'),
(3120, 190, '102', 'Radovljica'),
(3121, 190, '103', 'Ravne na Koro?kem'),
(3122, 190, '104', 'Ribnica'),
(3123, 190, '106', 'Roga?ka Slatina'),
(3124, 190, '105', 'Roga?ovci'),
(3125, 190, '107', 'Rogatec'),
(3126, 190, '108', 'Ru?e'),
(3127, 190, '109', 'Semi?'),
(3128, 190, '110', 'Sevnica'),
(3129, 190, '111', 'Se?ana'),
(3130, 190, '112', 'Slovenj Gradec'),
(3131, 190, '113', 'Slovenska Bistrica'),
(3132, 190, '114', 'Slovenske Konjice'),
(3133, 190, '115', 'Star?e'),
(3134, 190, '116', 'Sveti Jurij'),
(3135, 190, '117', '? en?ur'),
(3136, 190, '118', '? entilj'),
(3137, 190, '119', '? entjernej'),
(3138, 190, '120', '? entjur pri Celju'),
(3139, 190, '121', '? kocjan'),
(3140, 190, '122', '? kofja Loka'),
(3141, 190, '123', '? kofljica'),
(3142, 190, '124', '? marje pri Jel?ah'),
(3143, 190, '125', '? martno ob Paki'),
(3144, 190, '126', '? o?tanj'),
(3145, 190, '127', '? tore'),
(3146, 190, '128', 'Tolmin'),
(3147, 190, '129', 'Trbovlje'),
(3148, 190, '130', 'Trebnje'),
(3149, 190, '131', 'Tr?i?'),
(3150, 190, '132', 'Turni??e'),
(3151, 190, '133', 'Velenje'),
(3152, 190, '134', 'Velike La??e'),
(3153, 190, '135', 'Videm'),
(3154, 190, '136', 'Vipava'),
(3155, 190, '137', 'Vitanje'),
(3156, 190, '138', 'Vodice'),
(3157, 190, '139', 'Vojnik'),
(3158, 190, '140', 'Vrhnika'),
(3159, 190, '141', 'Vuzenica'),
(3160, 190, '142', 'Zagorje ob Savi'),
(3161, 190, '143', 'Zavr?'),
(3162, 190, '144', 'Zre?e'),
(3163, 190, '146', '?elezniki'),
(3164, 190, '147', '?iri'),
(3165, 190, '148', 'Benedikt'),
(3166, 190, '149', 'Bistrica ob Sotli'),
(3167, 190, '150', 'Bloke'),
(3168, 190, '151', 'Braslov?e'),
(3169, 190, '152', 'Cankova'),
(3170, 190, '153', 'Cerkvenjak'),
(3171, 190, '154', 'Dobje'),
(3172, 190, '155', 'Dobrna'),
(3173, 190, '156', 'Dobrovnik'),
(3174, 190, '157', 'Dolenjske Toplice'),
(3175, 190, '158', 'Grad'),
(3176, 190, '159', 'Hajdina'),
(3177, 190, '160', 'Ho?e-Slivnica'),
(3178, 190, '161', 'Hodo?'),
(3179, 190, '162', 'Horjul'),
(3180, 190, '163', 'Jezersko'),
(3181, 190, '164', 'Komenda'),
(3182, 190, '165', 'Kostel'),
(3183, 190, '166', 'Kri?evci'),
(3184, 190, '167', 'Lovrenc na Pohorju'),
(3185, 190, '168', 'Markovci'),
(3186, 190, '169', 'Miklav? na Dravskem polju'),
(3187, 190, '170', 'Mirna Pe?'),
(3188, 190, '171', 'Oplotnica'),
(3189, 190, '172', 'Podlehnik'),
(3190, 190, '173', 'Polzela'),
(3191, 190, '174', 'Prebold'),
(3192, 190, '175', 'Prevalje'),
(3193, 190, '176', 'Razkri?je'),
(3194, 190, '177', 'Ribnica na Pohorju'),
(3195, 190, '178', 'Selnica ob Dravi'),
(3196, 190, '179', 'Sodra?ica'),
(3197, 190, '180', 'Sol?ava'),
(3198, 190, '181', 'Sveta Ana'),
(3199, 190, '182', 'Sveti Andra? v Slovenskih goricah'),
(3200, 190, '183', '? empeter-Vrtojba'),
(3201, 190, '184', 'Tabor'),
(3202, 190, '185', 'Trnovska vas'),
(3203, 190, '186', 'Trzin'),
(3204, 190, '187', 'Velika Polana'),
(3205, 190, '188', 'Ver?ej'),
(3206, 190, '189', 'Vransko'),
(3207, 190, '190', '?alec'),
(3208, 190, '191', '?etale'),
(3209, 190, '192', '?irovnica'),
(3210, 190, '193', '?u?emberk'),
(3211, 190, '194', '? martno pri Litiji'),
(3212, 191, 'CE', 'Central'),
(3213, 191, 'CH', 'Choiseul'),
(3214, 191, 'GC', 'Guadalcanal'),
(3215, 191, 'HO', 'Honiara'),
(3216, 191, 'IS', 'Isabel'),
(3217, 191, 'MK', 'Makira'),
(3218, 191, 'ML', 'Malaita'),
(3219, 191, 'RB', 'Rennell and Bellona'),
(3220, 191, 'TM', 'Temotu'),
(3221, 191, 'WE', 'Western'),
(3222, 192, 'AD', 'Awdal'),
(3223, 192, 'BK', 'Bakool'),
(3224, 192, 'BN', 'Banaadir'),
(3225, 192, 'BR', 'Bari'),
(3226, 192, 'BY', 'Bay'),
(3227, 192, 'GD', 'Gedo'),
(3228, 192, 'GG', 'Galguduud'),
(3229, 192, 'HR', 'Hiiraan'),
(3230, 192, 'JD', 'Jubbada Dhexe'),
(3231, 192, 'JH', 'Jubbada Hoose'),
(3232, 192, 'MD', 'Mudug'),
(3233, 192, 'NG', 'Nugaal'),
(3234, 192, 'SD', 'Shabeellaha Dhexe'),
(3235, 192, 'SG', 'Sanaag'),
(3236, 192, 'SH', 'Shabeellaha Hoose'),
(3237, 192, 'SL', 'Sool'),
(3238, 192, 'TG', 'Togdheer'),
(3239, 192, 'WG', 'Woqooyi Galbeed'),
(3240, 193, 'EC', 'Eastern Cape'),
(3241, 193, 'FS', 'Free State'),
(3242, 193, 'GT', 'Gauteng'),
(3243, 193, 'LP', 'Limpopo'),
(3244, 193, 'MP', 'Mpumalanga'),
(3245, 193, 'NC', 'Northern Cape'),
(3246, 193, 'NL', 'KwaZulu-Natal'),
(3247, 193, 'NW', 'North-West'),
(3248, 193, 'WC', 'Western Cape'),
(3249, 195, 'AN', 'Andaluc'),
(3250, 195, 'AR', 'Arag?n'),
(3251, 195, 'A', 'Alicante'),
(3252, 195, 'AB', 'Albacete'),
(3253, 195, 'AL', 'Almer'),
(3254, 195, 'AN', 'Andaluc'),
(3255, 195, 'AV', '?vila'),
(3256, 195, 'B', 'Barcelona'),
(3257, 195, 'BA', 'Badajoz'),
(3258, 195, 'BI', 'Vizcaya'),
(3259, 195, 'BU', 'Burgos'),
(3260, 195, 'C', 'A Coru?a'),
(3261, 195, 'CA', 'C?diz'),
(3262, 195, 'CC', 'C?ceres'),
(3263, 195, 'CE', 'Ceuta'),
(3264, 195, 'CL', 'Castilla y Le?n'),
(3265, 195, 'CM', 'Castilla-La Mancha'),
(3266, 195, 'CN', 'Islas Canarias'),
(3267, 195, 'CO', 'C?rdoba'),
(3268, 195, 'CR', 'Ciudad Real'),
(3269, 195, 'CS', 'Castell?n'),
(3270, 195, 'CT', 'Catalonia'),
(3271, 195, 'CU', 'Cuenca'),
(3272, 195, 'EX', 'Extremadura'),
(3273, 195, 'GA', 'Galicia'),
(3274, 195, 'GC', 'Las Palmas'),
(3275, 195, 'GI', 'Girona'),
(3276, 195, 'GR', 'Granada'),
(3277, 195, 'GU', 'Guadalajara'),
(3278, 195, 'H', 'Huelva'),
(3279, 195, 'HU', 'Huesca'),
(3280, 195, 'IB', 'Islas Baleares'),
(3281, 195, 'J', 'Ja'),
(3282, 195, 'L', 'Lleida'),
(3283, 195, 'LE', 'Le?n'),
(3284, 195, 'LO', 'La Rioja'),
(3285, 195, 'LU', 'Lugo'),
(3286, 195, 'M', 'Madrid'),
(3287, 195, 'MA', 'M?laga'),
(3288, 195, 'ML', 'Melilla'),
(3289, 195, 'MU', 'Murcia'),
(3290, 195, 'NA', 'Navarre'),
(3291, 195, 'O', 'Asturias'),
(3292, 195, 'OR', 'Ourense'),
(3293, 195, 'P', 'Palencia'),
(3294, 195, 'PM', 'Baleares'),
(3295, 195, 'PO', 'Pontevedra'),
(3296, 195, 'PV', 'Basque Euskadi'),
(3297, 195, 'S', 'Cantabria'),
(3298, 195, 'SA', 'Salamanca'),
(3299, 195, 'SE', 'Seville'),
(3300, 195, 'SG', 'Segovia'),
(3301, 195, 'SO', 'Soria'),
(3302, 195, 'SS', 'Guip?zcoa'),
(3303, 195, 'T', 'Tarragona'),
(3304, 195, 'TE', 'Teruel'),
(3305, 195, 'TF', 'Santa Cruz De Tenerife'),
(3306, 195, 'TO', 'Toledo'),
(3307, 195, 'V', 'Valencia'),
(3308, 195, 'VA', 'Valladolid'),
(3309, 195, 'VI', '?lava'),
(3310, 195, 'Z', 'Zaragoza'),
(3311, 195, 'ZA', 'Zamora'),
(3312, 196, 'CE', 'Central'),
(3313, 196, 'NC', 'North Central'),
(3314, 196, 'NO', 'North'),
(3315, 196, 'EA', 'Eastern'),
(3316, 196, 'NW', 'North Western'),
(3317, 196, 'SO', 'Southern'),
(3318, 196, 'UV', 'Uva'),
(3319, 196, 'SA', 'Sabaragamuwa'),
(3320, 196, 'WE', 'Western'),
(3321, 199, 'ANL', '????? ?????'),
(3322, 199, 'BAM', '????? ??????'),
(3323, 199, 'BRT', '????????'),
(3324, 199, 'JZR', '????? ???????'),
(3325, 199, 'KRT', '???????'),
(3326, 199, 'QDR', '???????'),
(3327, 199, 'WDH', '??????'),
(3328, 199, 'ANB', '????? ??????');
INSERT INTO `country_zones` (`id`, `country_id`, `code`, `name`) VALUES 
(3329, 199, 'ANZ', '????? ??????'),
(3330, 199, 'ASH', '????????'),
(3331, 199, 'BJA', '?????????? ??????'),
(3332, 199, 'GIS', '??? ??????????'),
(3333, 199, 'GBG', '??? ??? ??????'),
(3334, 199, 'GDA', '??? ??????'),
(3335, 199, 'GKU', '??? ??????'),
(3336, 199, 'JDA', '???? ??????'),
(3337, 199, 'JKU', '???? ??????'),
(3338, 199, 'JQL', '??????'),
(3339, 199, 'KSL', '????'),
(3340, 199, 'NNL', '????? ??? ?????'),
(3341, 199, 'SBG', '???? ??? ??????'),
(3342, 199, 'SDA', '???? ??????'),
(3343, 199, 'SKU', '???? ??????'),
(3344, 199, 'SIS', '??? ??????????'),
(3345, 199, 'SNR', '????'),
(3346, 199, 'WRB', '?????'),
(3347, 200, 'BR', 'Brokopondo'),
(3348, 200, 'CM', 'Commewijne'),
(3349, 200, 'CR', 'Coronie'),
(3350, 200, 'MA', 'Marowijne'),
(3351, 200, 'NI', 'Nickerie'),
(3352, 200, 'PM', 'Paramaribo'),
(3353, 200, 'PR', 'Para'),
(3354, 200, 'SA', 'Saramacca'),
(3355, 200, 'SI', 'Sipaliwini'),
(3356, 200, 'WA', 'Wanica'),
(3357, 202, 'HH', 'Hhohho'),
(3358, 202, 'LU', 'Lubombo'),
(3359, 202, 'MA', 'Manzini'),
(3360, 202, 'SH', 'Shiselweni'),
(3361, 203, 'AB', 'Stockholms l'),
(3362, 203, 'C', 'Uppsala l'),
(3363, 203, 'D', 'S?dermanlands l'),
(3364, 203, 'E', '?sterg?tlands l'),
(3365, 203, 'F', 'J?nk?pings l'),
(3366, 203, 'G', 'Kronobergs l'),
(3367, 203, 'H', 'Kalmar l'),
(3368, 203, 'I', 'Gotlands l'),
(3369, 203, 'K', 'Blekinge l'),
(3370, 203, 'M', 'Sk?ne l'),
(3371, 203, 'N', 'Hallands l'),
(3372, 203, 'O', 'V?stra G?talands l'),
(3373, 203, 'S', 'V?rmlands l?n;'),
(3374, 203, 'T', '?rebro l'),
(3375, 203, 'U', 'V?stmanlands l?n;'),
(3376, 203, 'W', 'Dalarnas l'),
(3377, 203, 'X', 'G?vleborgs l'),
(3378, 203, 'Y', 'V?sternorrlands l'),
(3379, 203, 'Z', 'J?mtlands l'),
(3380, 203, 'AC', 'V?sterbottens l'),
(3381, 203, 'BD', 'Norrbottens l'),
(3382, 204, 'ZH', 'Z?rich'),
(3383, 204, 'BE', 'Bern'),
(3384, 204, 'LU', 'Luzern'),
(3385, 204, 'UR', 'Uri'),
(3386, 204, 'SZ', 'Schwyz'),
(3387, 204, 'OW', 'Obwalden'),
(3388, 204, 'NW', 'Nidwalden'),
(3389, 204, 'GL', 'Glasrus'),
(3390, 204, 'ZG', 'Zug'),
(3391, 204, 'FR', 'Fribourg'),
(3392, 204, 'SO', 'Solothurn'),
(3393, 204, 'BS', 'Basel-Stadt'),
(3394, 204, 'BL', 'Basel-Landschaft'),
(3395, 204, 'SH', 'Schaffhausen'),
(3396, 204, 'AR', 'Appenzell Ausserrhoden'),
(3397, 204, 'AI', 'Appenzell Innerrhoden'),
(3398, 204, 'SG', 'Saint Gallen'),
(3399, 204, 'GR', 'Graub?nden'),
(3400, 204, 'AG', 'Aargau'),
(3401, 204, 'TG', 'Thurgau'),
(3402, 204, 'TI', 'Ticino'),
(3403, 204, 'VD', 'Vaud'),
(3404, 204, 'VS', 'Valais'),
(3405, 204, 'NE', 'Nuech?tel'),
(3406, 204, 'GE', 'Gen?ve'),
(3407, 204, 'JU', 'Jura'),
(3408, 205, 'DI', '????'),
(3409, 205, 'DR', '????'),
(3410, 205, 'DZ', '??? ?????'),
(3411, 205, 'HA', '??????'),
(3412, 205, 'HI', '???'),
(3413, 205, 'HL', '???'),
(3414, 205, 'HM', '????'),
(3415, 205, 'ID', '????'),
(3416, 205, 'LA', '????????'),
(3417, 205, 'QU', '????????'),
(3418, 205, 'RA', '?????'),
(3419, 205, 'RD', '??? ????'),
(3420, 205, 'SU', '????????'),
(3421, 205, 'TA', '?????'),
(3422, 206, 'CHA', '???'),
(3423, 206, 'CYI', '???'),
(3424, 206, 'CYQ', '???'),
(3425, 206, 'HSQ', '???'),
(3426, 206, 'HSZ', '???'),
(3427, 206, 'HUA', '???'),
(3428, 206, 'ILA', '???'),
(3429, 206, 'KEE', '???'),
(3430, 206, 'KHH', '???'),
(3431, 206, 'KHQ', '???'),
(3432, 206, 'MIA', '?? ??'),
(3433, 206, 'NAN', '???'),
(3434, 206, 'PEN', '???'),
(3435, 206, 'PIF', '???'),
(3436, 206, 'TAO', '???'),
(3437, 206, 'TNN', '???'),
(3438, 206, 'TNQ', '???'),
(3439, 206, 'TPE', '???'),
(3440, 206, 'TPQ', '???'),
(3441, 206, 'TTT', '???'),
(3442, 206, 'TXG', '???'),
(3443, 206, 'TXQ', '???'),
(3444, 206, 'YUN', '???'),
(3445, 207, 'GB', '??????? ??????'),
(3446, 207, 'KT', '?????'),
(3447, 207, 'SU', '???'),
(3448, 208, '01', 'Arusha'),
(3449, 208, '02', 'Dar es Salaam'),
(3450, 208, '03', 'Dodoma'),
(3451, 208, '04', 'Iringa'),
(3452, 208, '05', 'Kagera'),
(3453, 208, '06', 'Pemba Sever'),
(3454, 208, '07', 'Zanzibar Sever'),
(3455, 208, '08', 'Kigoma'),
(3456, 208, '09', 'Kilimanjaro'),
(3457, 208, '10', 'Pemba Jih'),
(3458, 208, '11', 'Zanzibar Jih'),
(3459, 208, '12', 'Lindi'),
(3460, 208, '13', 'Mara'),
(3461, 208, '14', 'Mbeya'),
(3462, 208, '15', 'Zanzibar Z?pad'),
(3463, 208, '16', 'Morogoro'),
(3464, 208, '17', 'Mtwara'),
(3465, 208, '18', 'Mwanza'),
(3466, 208, '19', 'Pwani'),
(3467, 208, '20', 'Rukwa'),
(3468, 208, '21', 'Ruvuma'),
(3469, 208, '22', 'Shinyanga'),
(3470, 208, '23', 'Singida'),
(3471, 208, '24', 'Tabora'),
(3472, 208, '25', 'Tanga'),
(3473, 208, '26', 'Manyara'),
(3474, 209, 'TH-10', '?????????????'),
(3475, 209, 'TH-11', '???????????'),
(3476, 209, 'TH-12', '???????'),
(3477, 209, 'TH-13', '????????'),
(3478, 209, 'TH-14', '???????????????'),
(3479, 209, 'TH-15', '???????'),
(3480, 209, 'TH-16', '??????'),
(3481, 209, 'TH-17', '?????????'),
(3482, 209, 'TH-18', '??????'),
(3483, 209, 'TH-19', '???????'),
(3484, 209, 'TH-20', '??????'),
(3485, 209, 'TH-21', '?????'),
(3486, 209, 'TH-22', '????????'),
(3487, 209, 'TH-23', '????'),
(3488, 209, 'TH-24', '??????????'),
(3489, 209, 'TH-25', '??????????'),
(3490, 209, 'TH-26', '???????'),
(3491, 209, 'TH-27', '???????'),
(3492, 209, 'TH-30', '??????????'),
(3493, 209, 'TH-31', '?????????'),
(3494, 209, 'TH-32', '????????'),
(3495, 209, 'TH-33', '????????'),
(3496, 209, 'TH-34', '???????????'),
(3497, 209, 'TH-35', '?????'),
(3498, 209, 'TH-36', '????? ???'),
(3499, 209, 'TH-37', '??????????'),
(3500, 209, 'TH-39', '??????????? ?'),
(3501, 209, 'TH-40', '???????'),
(3502, 209, 'TH-41', '????????'),
(3503, 209, 'TH-42', '???'),
(3504, 209, 'TH-43', '???????'),
(3505, 209, 'TH-44', '?????????'),
(3506, 209, 'TH-45', '????????'),
(3507, 209, 'TH-46', '?????????'),
(3508, 209, 'TH-47', '??????'),
(3509, 209, 'TH-48', '??????'),
(3510, 209, 'TH-49', '????????'),
(3511, 209, 'TH-50', '?????????'),
(3512, 209, 'TH-51', '?????'),
(3513, 209, 'TH-52', '?????'),
(3514, 209, 'TH-53', '?????????'),
(3515, 209, 'TH-55', '????'),
(3516, 209, 'TH-56', '?????'),
(3517, 209, 'TH-57', '????????'),
(3518, 209, 'TH-58', '??????????'),
(3519, 209, 'TH-60', '?????????'),
(3520, 209, 'TH-61', '?????????'),
(3521, 209, 'TH-62', '?????????'),
(3522, 209, 'TH-63', '???'),
(3523, 209, 'TH-64', '???????'),
(3524, 209, 'TH-66', '?????'),
(3525, 209, 'TH-67', '??????'),
(3526, 209, 'TH-70', '???????'),
(3527, 209, 'TH-71', '?????????'),
(3528, 209, 'TH-72', '??????????'),
(3529, 209, 'TH-73', '??????'),
(3530, 209, 'TH-74', '?????????'),
(3531, 209, 'TH-75', '???????????'),
(3532, 209, 'TH-76', '????????'),
(3533, 209, 'TH-77', '???????????????'),
(3534, 209, 'TH-80', '?????????????'),
(3535, 209, 'TH-81', '??????'),
(3536, 209, 'TH-82', '?????'),
(3537, 209, 'TH-83', '?? ?????'),
(3538, 209, 'TH-84', '????????????'),
(3539, 209, 'TH-85', '?????'),
(3540, 209, 'TH-86', '?????'),
(3541, 209, 'TH-90', '?????'),
(3542, 209, 'TH-91', '????'),
(3543, 209, 'TH-92', '????'),
(3544, 209, 'TH-93', '??????'),
(3545, 209, 'TH-94', '???????'),
(3546, 209, 'TH-95', '????'),
(3547, 209, 'TH-96', '????????'),
(3548, 210, 'C', 'Centrale'),
(3549, 210, 'K', 'Kara'),
(3550, 210, 'M', 'Maritime'),
(3551, 210, 'P', 'Plateaux'),
(3552, 210, 'S', 'Savanes'),
(3553, 211, 'A', 'Atafu'),
(3554, 211, 'F', 'Fakaofo'),
(3555, 211, 'N', 'Nukunonu'),
(3556, 212, 'H', 'Ha''apai'),
(3557, 212, 'T', 'Tongatapu'),
(3558, 212, 'V', 'Vava''u'),
(3559, 213, 'ARI', 'Arima'),
(3560, 213, 'CHA', 'Chaguanas'),
(3561, 213, 'CTT', 'Couva-Tabaquite-Talparo'),
(3562, 213, 'DMN', 'Diego Martin'),
(3563, 213, 'ETO', 'Eastern Tobago'),
(3564, 213, 'RCM', 'Rio Claro-Mayaro'),
(3565, 213, 'PED', 'Penal-Debe'),
(3566, 213, 'PTF', 'Point Fortin'),
(3567, 213, 'POS', 'Port of Spain'),
(3568, 213, 'PRT', 'Princes Town'),
(3569, 213, 'SFO', 'San Fernando'),
(3570, 213, 'SGE', 'Sangre Grande'),
(3571, 213, 'SJL', 'San Juan-Laventille'),
(3572, 213, 'SIP', 'Siparia'),
(3573, 213, 'TUP', 'Tunapuna-Piarco'),
(3574, 213, 'WTO', 'Western Tobago'),
(3575, 214, '11', '????? ????'),
(3576, 214, '12', '????? ??????'),
(3577, 214, '13', '????? ?? ????'),
(3578, 214, '14', '????? ?????'),
(3579, 214, '21', '????? ????'),
(3580, 214, '22', '????? ?????'),
(3581, 214, '23', '????? ?????'),
(3582, 214, '31', '????? ????'),
(3583, 214, '32', '????? ??????'),
(3584, 214, '33', '????? ?????'),
(3585, 214, '34', '????? ??????'),
(3586, 214, '41', '????? ????????'),
(3587, 214, '42', '????? ???????'),
(3588, 214, '43', '????? ???? ?????'),
(3589, 214, '51', '????? ????'),
(3590, 214, '52', '????? ????????'),
(3591, 214, '53', '????? ???????'),
(3592, 214, '61', '????? ?????'),
(3593, 214, '71', '????? ????'),
(3594, 214, '72', '????? ????'),
(3595, 214, '73', '????? ????'),
(3596, 214, '81', '????? ????'),
(3597, 214, '82', '????? ?????'),
(3598, 214, '83', '????? ??????'),
(3599, 215, '01', 'Adana'),
(3600, 215, '02', 'Ad?yaman'),
(3601, 215, '03', 'Afyonkarahisar'),
(3602, 215, '04', 'A?r?'),
(3603, 215, '05', 'Amasya'),
(3604, 215, '06', 'Ankara'),
(3605, 215, '07', 'Antalya'),
(3606, 215, '08', 'Artvin'),
(3607, 215, '09', 'Ayd?n'),
(3608, 215, '10', 'Bal?kesir'),
(3609, 215, '11', 'Bilecik'),
(3610, 215, '12', 'Bing?l'),
(3611, 215, '13', 'Bitlis'),
(3612, 215, '14', 'Bolu'),
(3613, 215, '15', 'Burdur'),
(3614, 215, '16', 'Bursa'),
(3615, 215, '17', '?anakkale'),
(3616, 215, '18', '?ank?r?'),
(3617, 215, '19', '?orum'),
(3618, 215, '20', 'Denizli'),
(3619, 215, '21', 'Diyarbak?r'),
(3620, 215, '22', 'Edirne'),
(3621, 215, '23', 'Elaz??'),
(3622, 215, '24', 'Erzincan'),
(3623, 215, '25', 'Erzurum'),
(3624, 215, '26', 'Eski?ehir'),
(3625, 215, '27', 'Gaziantep'),
(3626, 215, '28', 'Giresun'),
(3627, 215, '29', 'G?m??hane'),
(3628, 215, '30', 'Hakkari'),
(3629, 215, '31', 'Hatay'),
(3630, 215, '32', 'Isparta'),
(3631, 215, '33', 'Mersin'),
(3632, 215, '34', '?stanbul'),
(3633, 215, '35', '?zmir'),
(3634, 215, '36', 'Kars'),
(3635, 215, '37', 'Kastamonu'),
(3636, 215, '38', 'Kayseri'),
(3637, 215, '39', 'K?rklareli'),
(3638, 215, '40', 'K?r?ehir'),
(3639, 215, '41', 'Kocaeli'),
(3640, 215, '42', 'Konya'),
(3641, 215, '43', 'K?tahya'),
(3642, 215, '44', 'Malatya'),
(3643, 215, '45', 'Manisa'),
(3644, 215, '46', 'Kahramanmara?'),
(3645, 215, '47', 'Mardin'),
(3646, 215, '48', 'Mu?la'),
(3647, 215, '49', 'Mu?'),
(3648, 215, '50', 'Nev?ehir'),
(3649, 215, '51', 'Ni?de'),
(3650, 215, '52', 'Ordu'),
(3651, 215, '53', 'Rize'),
(3652, 215, '54', 'Sakarya'),
(3653, 215, '55', 'Samsun'),
(3654, 215, '56', 'Siirt'),
(3655, 215, '57', 'Sinop'),
(3656, 215, '58', 'Sivas'),
(3657, 215, '59', 'Tekirda?'),
(3658, 215, '60', 'Tokat'),
(3659, 215, '61', 'Trabzon'),
(3660, 215, '62', 'Tunceli'),
(3661, 215, '63', '?anl?urfa'),
(3662, 215, '64', 'U?ak'),
(3663, 215, '65', 'Van'),
(3664, 215, '66', 'Yozgat'),
(3665, 215, '67', 'Zonguldak'),
(3666, 215, '68', 'Aksaray'),
(3667, 215, '69', 'Bayburt'),
(3668, 215, '70', 'Karaman'),
(3669, 215, '71', 'K?r?kkale'),
(3670, 215, '72', 'Batman'),
(3671, 215, '73', '??rnak'),
(3672, 215, '74', 'Bart?n'),
(3673, 215, '75', 'Ardahan'),
(3674, 215, '76', 'I?d?r'),
(3675, 215, '77', 'Yalova'),
(3676, 215, '78', 'Karab?k'),
(3677, 215, '79', 'Kilis'),
(3678, 215, '80', 'Osmaniye'),
(3679, 215, '81', 'D?zce'),
(3680, 216, 'A', 'Ahal wela?aty'),
(3681, 216, 'B', 'Balkan wela?aty'),
(3682, 216, 'D', 'Da?oguz wela?aty'),
(3683, 216, 'L', 'Lebap wela?aty'),
(3684, 216, 'M', 'Mary wela?aty'),
(3685, 217, 'AC', 'Ambergris Cays'),
(3686, 217, 'DC', 'Dellis Cay'),
(3687, 217, 'FC', 'French Cay'),
(3688, 217, 'LW', 'Little Water Cay'),
(3689, 217, 'RC', 'Parrot Cay'),
(3690, 217, 'PN', 'Pine Cay'),
(3691, 217, 'SL', 'Salt Cay'),
(3692, 217, 'GT', 'Grand Turk'),
(3693, 217, 'SC', 'South Caicos'),
(3694, 217, 'EC', 'East Caicos'),
(3695, 217, 'MC', 'Middle Caicos'),
(3696, 217, 'NC', 'North Caicos'),
(3697, 217, 'PR', 'Providenciales'),
(3698, 217, 'WC', 'West Caicos'),
(3699, 218, 'FUN', 'Funafuti'),
(3700, 218, 'NMA', 'Nanumea'),
(3701, 218, 'NMG', 'Nanumanga'),
(3702, 218, 'NIT', 'Niutao'),
(3703, 218, 'NIU', 'Nui'),
(3704, 218, 'NKF', 'Nukufetau'),
(3705, 218, 'NKL', 'Nukulaelae'),
(3706, 218, 'VAI', 'Vaitupu'),
(3707, 219, '101', 'Kalangala'),
(3708, 219, '102', 'Kampala'),
(3709, 219, '103', 'Kiboga'),
(3710, 219, '104', 'Luwero'),
(3711, 219, '105', 'Masaka'),
(3712, 219, '106', 'Mpigi'),
(3713, 219, '107', 'Mubende'),
(3714, 219, '108', 'Mukono'),
(3715, 219, '109', 'Nakasongola'),
(3716, 219, '110', 'Rakai'),
(3717, 219, '111', 'Sembabule'),
(3718, 219, '112', 'Kayunga'),
(3719, 219, '113', 'Wakiso'),
(3720, 219, '201', 'Bugiri'),
(3721, 219, '202', 'Busia'),
(3722, 219, '203', 'Iganga'),
(3723, 219, '204', 'Jinja'),
(3724, 219, '205', 'Kamuli'),
(3725, 219, '206', 'Kapchorwa'),
(3726, 219, '207', 'Katakwi'),
(3727, 219, '208', 'Kumi'),
(3728, 219, '209', 'Mbale'),
(3729, 219, '210', 'Pallisa'),
(3730, 219, '211', 'Soroti'),
(3731, 219, '212', 'Tororo'),
(3732, 219, '213', 'Kaberamaido'),
(3733, 219, '214', 'Mayuge'),
(3734, 219, '215', 'Sironko'),
(3735, 219, '301', 'Adjumani'),
(3736, 219, '302', 'Apac'),
(3737, 219, '303', 'Arua'),
(3738, 219, '304', 'Gulu'),
(3739, 219, '305', 'Kitgum'),
(3740, 219, '306', 'Kotido'),
(3741, 219, '307', 'Lira'),
(3742, 219, '308', 'Moroto'),
(3743, 219, '309', 'Moyo'),
(3744, 219, '310', 'Nebbi'),
(3745, 219, '311', 'Nakapiripirit'),
(3746, 219, '312', 'Pader'),
(3747, 219, '313', 'Yumbe'),
(3748, 219, '401', 'Bundibugyo'),
(3749, 219, '402', 'Bushenyi'),
(3750, 219, '403', 'Hoima'),
(3751, 219, '404', 'Kabale'),
(3752, 219, '405', 'Kabarole'),
(3753, 219, '406', 'Kasese'),
(3754, 219, '407', 'Kibale'),
(3755, 219, '408', 'Kisoro'),
(3756, 219, '409', 'Masindi'),
(3757, 219, '410', 'Mbarara'),
(3758, 219, '411', 'Ntungamo'),
(3759, 219, '412', 'Rukungiri'),
(3760, 219, '413', 'Kamwenge'),
(3761, 219, '414', 'Kanungu'),
(3762, 219, '415', 'Kyenjojo'),
(3763, 220, '05', '????????? ???????'),
(3764, 220, '07', '????????? ???????'),
(3765, 220, '09', '????????? ???????'),
(3766, 220, '12', '???????????????? ???????'),
(3767, 220, '14', '???????? ???????'),
(3768, 220, '18', '??????????? ???????'),
(3769, 220, '19', '? ????????? ???????'),
(3770, 220, '21', '???????????? ???????'),
(3771, 220, '23', '?????????? ???????'),
(3772, 220, '26', '?????-??????????? ???????'),
(3773, 220, '30', '????'),
(3774, 220, '32', '???????? ???????'),
(3775, 220, '35', '?????????????? ???????'),
(3776, 220, '40', '???????????'),
(3777, 220, '43', '?????????? ? ????????? ????'),
(3778, 220, '46', '????????? ???????'),
(3779, 220, '48', '???????????? ???????'),
(3780, 220, '51', '??????? ???????'),
(3781, 220, '53', '?????????? ???????'),
(3782, 220, '59', '??????? ???????'),
(3783, 220, '61', '????????????? ???????'),
(3784, 220, '63', '?????????? ???????'),
(3785, 220, '65', '?????????? ???????'),
(3786, 220, '68', '??????????? ???????'),
(3787, 220, '71', '????????? ???????'),
(3788, 220, '74', '???????????? ???????'),
(3789, 220, '77', '??????????? ???????'),
(3790, 222, 'ABD', 'Aberdeenshire'),
(3791, 222, 'ABE', 'Aberdeen'),
(3792, 222, 'AGB', 'Argyll and Bute'),
(3793, 222, 'AGY', 'Isle of Anglesey'),
(3794, 222, 'ANS', 'Angus'),
(3795, 222, 'ANT', 'Antrim'),
(3796, 222, 'ARD', 'Ards'),
(3797, 222, 'ARM', 'Armagh'),
(3798, 222, 'BAS', 'Bath and North East Somerset'),
(3799, 222, 'BBD', 'Blackburn with Darwen'),
(3800, 222, 'BDF', 'Bedfordshire'),
(3801, 222, 'BDG', 'Barking and Dagenham'),
(3802, 222, 'BEN', 'Brent'),
(3803, 222, 'BEX', 'Bexley'),
(3804, 222, 'BFS', 'Belfast'),
(3805, 222, 'BGE', 'Bridgend'),
(3806, 222, 'BGW', 'Blaenau Gwent'),
(3807, 222, 'BIR', 'Birmingham'),
(3808, 222, 'BKM', 'Buckinghamshire'),
(3809, 222, 'BLA', 'Ballymena'),
(3810, 222, 'BLY', 'Ballymoney'),
(3811, 222, 'BMH', 'Bournemouth'),
(3812, 222, 'BNB', 'Banbridge'),
(3813, 222, 'BNE', 'Barnet'),
(3814, 222, 'BNH', 'Brighton and Hove'),
(3815, 222, 'BNS', 'Barnsley'),
(3816, 222, 'BOL', 'Bolton'),
(3817, 222, 'BPL', 'Blackpool'),
(3818, 222, 'BRC', 'Bracknell'),
(3819, 222, 'BRD', 'Bradford'),
(3820, 222, 'BRY', 'Bromley'),
(3821, 222, 'BST', 'Bristol'),
(3822, 222, 'BUR', 'Bury'),
(3823, 222, 'CAM', 'Cambridgeshire'),
(3824, 222, 'CAY', 'Caerphilly'),
(3825, 222, 'CGN', 'Ceredigion'),
(3826, 222, 'CGV', 'Craigavon'),
(3827, 222, 'CHS', 'Cheshire'),
(3828, 222, 'CKF', 'Carrickfergus'),
(3829, 222, 'CKT', 'Cookstown'),
(3830, 222, 'CLD', 'Calderdale'),
(3831, 222, 'CLK', 'Clackmannanshire'),
(3832, 222, 'CLR', 'Coleraine'),
(3833, 222, 'CMA', 'Cumbria'),
(3834, 222, 'CMD', 'Camden'),
(3835, 222, 'CMN', 'Carmarthenshire'),
(3836, 222, 'CON', 'Cornwall'),
(3837, 222, 'COV', 'Coventry'),
(3838, 222, 'CRF', 'Cardiff'),
(3839, 222, 'CRY', 'Croydon'),
(3840, 222, 'CSR', 'Castlereagh'),
(3841, 222, 'CWY', 'Conwy'),
(3842, 222, 'DAL', 'Darlington'),
(3843, 222, 'DBY', 'Derbyshire'),
(3844, 222, 'DEN', 'Denbighshire'),
(3845, 222, 'DER', 'Derby'),
(3846, 222, 'DEV', 'Devon'),
(3847, 222, 'DGN', 'Dungannon and South Tyrone'),
(3848, 222, 'DGY', 'Dumfries and Galloway'),
(3849, 222, 'DNC', 'Doncaster'),
(3850, 222, 'DND', 'Dundee'),
(3851, 222, 'DOR', 'Dorset'),
(3852, 222, 'DOW', 'Down'),
(3853, 222, 'DRY', 'Derry'),
(3854, 222, 'DUD', 'Dudley'),
(3855, 222, 'DUR', 'Durham'),
(3856, 222, 'EAL', 'Ealing'),
(3857, 222, 'EAY', 'East Ayrshire'),
(3858, 222, 'EDH', 'Edinburgh'),
(3859, 222, 'EDU', 'East Dunbartonshire'),
(3860, 222, 'ELN', 'East Lothian'),
(3861, 222, 'ELS', 'Eilean Siar'),
(3862, 222, 'ENF', 'Enfield'),
(3863, 222, 'ERW', 'East Renfrewshire'),
(3864, 222, 'ERY', 'East Riding of Yorkshire'),
(3865, 222, 'ESS', 'Essex'),
(3866, 222, 'ESX', 'East Sussex'),
(3867, 222, 'FAL', 'Falkirk'),
(3868, 222, 'FER', 'Fermanagh'),
(3869, 222, 'FIF', 'Fife'),
(3870, 222, 'FLN', 'Flintshire'),
(3871, 222, 'GAT', 'Gateshead'),
(3872, 222, 'GLG', 'Glasgow'),
(3873, 222, 'GLS', 'Gloucestershire'),
(3874, 222, 'GRE', 'Greenwich'),
(3875, 222, 'GSY', 'Guernsey'),
(3876, 222, 'GWN', 'Gwynedd'),
(3877, 222, 'HAL', 'Halton'),
(3878, 222, 'HAM', 'Hampshire'),
(3879, 222, 'HAV', 'Havering'),
(3880, 222, 'HCK', 'Hackney'),
(3881, 222, 'HEF', 'Herefordshire'),
(3882, 222, 'HIL', 'Hillingdon'),
(3883, 222, 'HLD', 'Highland'),
(3884, 222, 'HMF', 'Hammersmith and Fulham'),
(3885, 222, 'HNS', 'Hounslow'),
(3886, 222, 'HPL', 'Hartlepool'),
(3887, 222, 'HRT', 'Hertfordshire'),
(3888, 222, 'HRW', 'Harrow'),
(3889, 222, 'HRY', 'Haringey'),
(3890, 222, 'IOS', 'Isles of Scilly'),
(3891, 222, 'IOW', 'Isle of Wight'),
(3892, 222, 'ISL', 'Islington'),
(3893, 222, 'IVC', 'Inverclyde'),
(3894, 222, 'JSY', 'Jersey'),
(3895, 222, 'KEC', 'Kensington and Chelsea'),
(3896, 222, 'KEN', 'Kent'),
(3897, 222, 'KHL', 'Kingston upon Hull'),
(3898, 222, 'KIR', 'Kirklees'),
(3899, 222, 'KTT', 'Kingston upon Thames'),
(3900, 222, 'KWL', 'Knowsley'),
(3901, 222, 'LAN', 'Lancashire'),
(3902, 222, 'LBH', 'Lambeth'),
(3903, 222, 'LCE', 'Leicester'),
(3904, 222, 'LDS', 'Leeds'),
(3905, 222, 'LEC', 'Leicestershire'),
(3906, 222, 'LEW', 'Lewisham'),
(3907, 222, 'LIN', 'Lincolnshire'),
(3908, 222, 'LIV', 'Liverpool'),
(3909, 222, 'LMV', 'Limavady'),
(3910, 222, 'LND', 'London'),
(3911, 222, 'LRN', 'Larne'),
(3912, 222, 'LSB', 'Lisburn'),
(3913, 222, 'LUT', 'Luton'),
(3914, 222, 'MAN', 'Manchester'),
(3915, 222, 'MDB', 'Middlesbrough'),
(3916, 222, 'MDW', 'Medway'),
(3917, 222, 'MFT', 'Magherafelt'),
(3918, 222, 'MIK', 'Milton Keynes'),
(3919, 222, 'MLN', 'Midlothian'),
(3920, 222, 'MON', 'Monmouthshire'),
(3921, 222, 'MRT', 'Merton'),
(3922, 222, 'MRY', 'Moray'),
(3923, 222, 'MTY', 'Merthyr Tydfil'),
(3924, 222, 'MYL', 'Moyle'),
(3925, 222, 'NAY', 'North Ayrshire'),
(3926, 222, 'NBL', 'Northumberland'),
(3927, 222, 'NDN', 'North Down'),
(3928, 222, 'NEL', 'North East Lincolnshire'),
(3929, 222, 'NET', 'Newcastle upon Tyne'),
(3930, 222, 'NFK', 'Norfolk'),
(3931, 222, 'NGM', 'Nottingham'),
(3932, 222, 'NLK', 'North Lanarkshire'),
(3933, 222, 'NLN', 'North Lincolnshire'),
(3934, 222, 'NSM', 'North Somerset'),
(3935, 222, 'NTA', 'Newtownabbey'),
(3936, 222, 'NTH', 'Northamptonshire'),
(3937, 222, 'NTL', 'Neath Port Talbot'),
(3938, 222, 'NTT', 'Nottinghamshire'),
(3939, 222, 'NTY', 'North Tyneside'),
(3940, 222, 'NWM', 'Newham'),
(3941, 222, 'NWP', 'Newport'),
(3942, 222, 'NYK', 'North Yorkshire'),
(3943, 222, 'NYM', 'Newry and Mourne'),
(3944, 222, 'OLD', 'Oldham'),
(3945, 222, 'OMH', 'Omagh'),
(3946, 222, 'ORK', 'Orkney Islands'),
(3947, 222, 'OXF', 'Oxfordshire'),
(3948, 222, 'PEM', 'Pembrokeshire'),
(3949, 222, 'PKN', 'Perth and Kinross'),
(3950, 222, 'PLY', 'Plymouth'),
(3951, 222, 'POL', 'Poole'),
(3952, 222, 'POR', 'Portsmouth'),
(3953, 222, 'POW', 'Powys'),
(3954, 222, 'PTE', 'Peterborough'),
(3955, 222, 'RCC', 'Redcar and Cleveland'),
(3956, 222, 'RCH', 'Rochdale'),
(3957, 222, 'RCT', 'Rhondda Cynon Taf'),
(3958, 222, 'RDB', 'Redbridge'),
(3959, 222, 'RDG', 'Reading'),
(3960, 222, 'RFW', 'Renfrewshire'),
(3961, 222, 'RIC', 'Richmond upon Thames'),
(3962, 222, 'ROT', 'Rotherham'),
(3963, 222, 'RUT', 'Rutland'),
(3964, 222, 'SAW', 'Sandwell'),
(3965, 222, 'SAY', 'South Ayrshire'),
(3966, 222, 'SCB', 'Scottish Borders'),
(3967, 222, 'SFK', 'Suffolk'),
(3968, 222, 'SFT', 'Sefton'),
(3969, 222, 'SGC', 'South Gloucestershire'),
(3970, 222, 'SHF', 'Sheffield'),
(3971, 222, 'SHN', 'Saint Helens'),
(3972, 222, 'SHR', 'Shropshire'),
(3973, 222, 'SKP', 'Stockport'),
(3974, 222, 'SLF', 'Salford'),
(3975, 222, 'SLG', 'Slough'),
(3976, 222, 'SLK', 'South Lanarkshire'),
(3977, 222, 'SND', 'Sunderland'),
(3978, 222, 'SOL', 'Solihull'),
(3979, 222, 'SOM', 'Somerset'),
(3980, 222, 'SOS', 'Southend-on-Sea'),
(3981, 222, 'SRY', 'Surrey'),
(3982, 222, 'STB', 'Strabane'),
(3983, 222, 'STE', 'Stoke-on-Trent'),
(3984, 222, 'STG', 'Stirling'),
(3985, 222, 'STH', 'Southampton'),
(3986, 222, 'STN', 'Sutton'),
(3987, 222, 'STS', 'Staffordshire'),
(3988, 222, 'STT', 'Stockton-on-Tees'),
(3989, 222, 'STY', 'South Tyneside'),
(3990, 222, 'SWA', 'Swansea'),
(3991, 222, 'SWD', 'Swindon'),
(3992, 222, 'SWK', 'Southwark'),
(3993, 222, 'TAM', 'Tameside'),
(3994, 222, 'TFW', 'Telford and Wrekin'),
(3995, 222, 'THR', 'Thurrock'),
(3996, 222, 'TOB', 'Torbay'),
(3997, 222, 'TOF', 'Torfaen'),
(3998, 222, 'TRF', 'Trafford'),
(3999, 222, 'TWH', 'Tower Hamlets'),
(4000, 222, 'VGL', 'Vale of Glamorgan'),
(4001, 222, 'WAR', 'Warwickshire'),
(4002, 222, 'WBK', 'West Berkshire'),
(4003, 222, 'WDU', 'West Dunbartonshire'),
(4004, 222, 'WFT', 'Waltham Forest'),
(4005, 222, 'WGN', 'Wigan'),
(4006, 222, 'WIL', 'Wiltshire'),
(4007, 222, 'WKF', 'Wakefield'),
(4008, 222, 'WLL', 'Walsall'),
(4009, 222, 'WLN', 'West Lothian'),
(4010, 222, 'WLV', 'Wolverhampton'),
(4011, 222, 'WNM', 'Windsor and Maidenhead'),
(4012, 222, 'WOK', 'Wokingham'),
(4013, 222, 'WOR', 'Worcestershire'),
(4014, 222, 'WRL', 'Wirral'),
(4015, 222, 'WRT', 'Warrington'),
(4016, 222, 'WRX', 'Wrexham'),
(4017, 222, 'WSM', 'Westminster'),
(4018, 222, 'WSX', 'West Sussex'),
(4019, 222, 'YOR', 'York'),
(4020, 222, 'ZET', 'Shetland Islands'),
(4021, 223, 'AK', 'Alaska'),
(4022, 223, 'AL', 'Alabama'),
(4023, 223, 'AS', 'American Samoa'),
(4024, 223, 'AR', 'Arkansas'),
(4025, 223, 'AZ', 'Arizona'),
(4026, 223, 'CA', 'California'),
(4027, 223, 'CO', 'Colorado'),
(4028, 223, 'CT', 'Connecticut'),
(4029, 223, 'DC', 'District of Columbia'),
(4030, 223, 'DE', 'Delaware'),
(4031, 223, 'FL', 'Florida'),
(4032, 223, 'GA', 'Georgia'),
(4033, 223, 'GU', 'Guam'),
(4034, 223, 'HI', 'Hawaii'),
(4035, 223, 'IA', 'Iowa'),
(4036, 223, 'ID', 'Idaho'),
(4037, 223, 'IL', 'Illinois'),
(4038, 223, 'IN', 'Indiana'),
(4039, 223, 'KS', 'Kansas'),
(4040, 223, 'KY', 'Kentucky'),
(4041, 223, 'LA', 'Louisiana'),
(4042, 223, 'MA', 'Massachusetts'),
(4043, 223, 'MD', 'Maryland'),
(4044, 223, 'ME', 'Maine'),
(4045, 223, 'MI', 'Michigan'),
(4046, 223, 'MN', 'Minnesota'),
(4047, 223, 'MO', 'Missouri'),
(4048, 223, 'MS', 'Mississippi'),
(4049, 223, 'MT', 'Montana'),
(4050, 223, 'NC', 'North Carolina'),
(4051, 223, 'ND', 'North Dakota'),
(4052, 223, 'NE', 'Nebraska'),
(4053, 223, 'NH', 'New Hampshire'),
(4054, 223, 'NJ', 'New Jersey'),
(4055, 223, 'NM', 'New Mexico'),
(4056, 223, 'NV', 'Nevada'),
(4057, 223, 'NY', 'New York'),
(4058, 223, 'MP', 'Northern Mariana Islands'),
(4059, 223, 'OH', 'Ohio'),
(4060, 223, 'OK', 'Oklahoma'),
(4061, 223, 'OR', 'Oregon'),
(4062, 223, 'PA', 'Pennsylvania'),
(4063, 223, 'PR', 'Puerto Rico'),
(4064, 223, 'RI', 'Rhode Island'),
(4065, 223, 'SC', 'South Carolina'),
(4066, 223, 'SD', 'South Dakota'),
(4067, 223, 'TN', 'Tennessee'),
(4068, 223, 'TX', 'Texas'),
(4069, 223, 'UM', 'U.S. Minor Outlying Islands'),
(4070, 223, 'UT', 'Utah'),
(4071, 223, 'VA', 'Virginia'),
(4072, 223, 'VI', 'Virgin Islands of the U.S.'),
(4073, 223, 'VT', 'Vermont'),
(4074, 223, 'WA', 'Washington'),
(4075, 223, 'WI', 'Wisconsin'),
(4076, 223, 'WV', 'West Virginia'),
(4077, 223, 'WY', 'Wyoming'),
(4078, 224, 'BI', 'Baker Island'),
(4079, 224, 'HI', 'Howland Island'),
(4080, 224, 'JI', 'Jarvis Island'),
(4081, 224, 'JA', 'Johnston Atoll'),
(4082, 224, 'KR', 'Kingman Reef'),
(4083, 224, 'MA', 'Midway Atoll'),
(4084, 224, 'NI', 'Navassa Island'),
(4085, 224, 'PA', 'Palmyra Atoll'),
(4086, 224, 'WI', 'Wake Island'),
(4087, 225, 'AR', 'Artigas'),
(4088, 225, 'CA', 'Canelones'),
(4089, 225, 'CL', 'Cerro Largo'),
(4090, 225, 'CO', 'Colonia'),
(4091, 225, 'DU', 'Durazno'),
(4092, 225, 'FD', 'Florida'),
(4093, 225, 'FS', 'Flores'),
(4094, 225, 'LA', 'Lavalleja'),
(4095, 225, 'MA', 'Maldonado'),
(4096, 225, 'MO', 'Montevideo'),
(4097, 225, 'PA', 'Paysandu'),
(4098, 225, 'RN', 'R?o Negro'),
(4099, 225, 'RO', 'Rocha'),
(4100, 225, 'RV', 'Rivera'),
(4101, 225, 'SA', 'Salto'),
(4102, 225, 'SJ', 'San Jos'),
(4103, 225, 'SO', 'Soriano'),
(4104, 225, 'TA', 'Tacuaremb?'),
(4105, 225, 'TT', 'Treinta y Tres'),
(4106, 226, 'AN', 'Andijon viloyati'),
(4107, 226, 'BU', 'Buxoro viloyati'),
(4108, 226, 'FA', 'Farg''ona viloyati'),
(4109, 226, 'JI', 'Jizzax viloyati'),
(4110, 226, 'NG', 'Namangan viloyati'),
(4111, 226, 'NW', 'Navoiy viloyati'),
(4112, 226, 'QA', 'Qashqadaryo viloyati'),
(4113, 226, 'QR', 'Qoraqalpog''iston Respublikasi'),
(4114, 226, 'SA', 'Samarqand viloyati'),
(4115, 226, 'SI', 'Sirdaryo viloyati'),
(4116, 226, 'SU', 'Surxondaryo viloyati'),
(4117, 226, 'TK', 'Toshkent'),
(4118, 226, 'TO', 'Toshkent viloyati'),
(4119, 226, 'XO', 'Xorazm viloyati'),
(4120, 227, 'MAP', 'Malampa'),
(4121, 227, 'PAM', 'P?nama'),
(4122, 227, 'SAM', 'Sanma'),
(4123, 227, 'SEE', 'Sh?fa'),
(4124, 227, 'TAE', 'Taf'),
(4125, 227, 'TOB', 'Torba'),
(4126, 229, 'A', 'Distrito Capital'),
(4127, 229, 'B', 'Anzo?tegui'),
(4128, 229, 'C', 'Apure'),
(4129, 229, 'D', 'Aragua'),
(4130, 229, 'E', 'Barinas'),
(4131, 229, 'F', 'Bol?var'),
(4132, 229, 'G', 'Carabobo'),
(4133, 229, 'H', 'Cojedes'),
(4134, 229, 'I', 'Falc?n'),
(4135, 229, 'J', 'Gu?rico'),
(4136, 229, 'K', 'Lara'),
(4137, 229, 'L', 'M?rida'),
(4138, 229, 'M', 'Miranda'),
(4139, 229, 'N', 'Monagas'),
(4140, 229, 'O', 'Nueva Esparta'),
(4141, 229, 'P', 'Portuguesa'),
(4142, 229, 'R', 'Sucre'),
(4143, 229, 'S', 'Tachira'),
(4144, 229, 'T', 'Trujillo'),
(4145, 229, 'U', 'Yaracuy'),
(4146, 229, 'V', 'Zulia'),
(4147, 229, 'W', 'Capital Dependencia'),
(4148, 229, 'X', 'Vargas'),
(4149, 229, 'Y', 'Delta Amacuro'),
(4150, 229, 'Z', 'Amazonas'),
(4151, 230, '01', 'Lai Ch'),
(4152, 230, '02', 'L? o Cai'),
(4153, 230, '03', 'H?  Giang'),
(4154, 230, '04', 'Cao B?ng'),
(4155, 230, '05', 'S?n La'),
(4156, 230, '06', 'Y?n B'),
(4157, 230, '07', 'Tuy?n Quang'),
(4158, 230, '09', 'L?ng S?n'),
(4159, 230, '13', 'Qu?ng Ninh'),
(4160, 230, '14', 'H?a B?nh'),
(4161, 230, '15', 'H?  T'),
(4162, 230, '18', 'Ninh B?nh'),
(4163, 230, '20', 'Th?i B?nh'),
(4164, 230, '21', 'Thanh H?a'),
(4165, 230, '22', 'Ngh? An'),
(4166, 230, '23', 'H?  T?nh'),
(4167, 230, '24', 'Qu?ng B?nh'),
(4168, 230, '25', 'Qu?ng Tr?'),
(4169, 230, '26', 'Th?a Thi?n-Hu?'),
(4170, 230, '27', 'Qu?ng Nam'),
(4171, 230, '28', 'Kon Tum'),
(4172, 230, '29', 'Qu?ng Ng'),
(4173, 230, '30', 'Gia Lai'),
(4174, 230, '31', 'B?nh ??nh'),
(4175, 230, '32', 'Ph? Y'),
(4176, 230, '33', '??k L?k'),
(4177, 230, '34', 'Kh?nh H?a'),
(4178, 230, '35', 'L?m ??ng'),
(4179, 230, '36', 'Ninh Thu?n'),
(4180, 230, '37', 'T?y Ninh'),
(4181, 230, '39', '??ng Nai'),
(4182, 230, '40', 'B?nh Thu?n'),
(4183, 230, '41', 'Long An'),
(4184, 230, '43', 'B?  R?a-V?ng T? u'),
(4185, 230, '44', 'An Giang'),
(4186, 230, '45', '??ng Th'),
(4187, 230, '46', 'Ti?n Giang'),
(4188, 230, '47', 'Ki?n Giang'),
(4189, 230, '48', 'C?n Th?'),
(4190, 230, '49', 'V?nh Long'),
(4191, 230, '50', 'B?n Tre'),
(4192, 230, '51', 'Tr?  Vinh'),
(4193, 230, '52', 'S?c Tr?ng'),
(4194, 230, '53', 'B?c K?n'),
(4195, 230, '54', 'B?c Giang'),
(4196, 230, '55', 'B?c Li'),
(4197, 230, '56', 'B?c Ninh'),
(4198, 230, '57', 'B?nh D??ng'),
(4199, 230, '58', 'B?nh Ph??c'),
(4200, 230, '59', 'C?  Mau'),
(4201, 230, '60', '??  N?ng'),
(4202, 230, '61', 'H?i D??ng'),
(4203, 230, '62', 'H?i Ph?ng'),
(4204, 230, '63', 'H?  Nam'),
(4205, 230, '64', 'H?  N?i'),
(4206, 230, '65', 'S? i G?n'),
(4207, 230, '66', 'H?ng Y'),
(4208, 230, '67', 'Nam ??nh'),
(4209, 230, '68', 'Ph? Th?'),
(4210, 230, '69', 'Th?i Nguy'),
(4211, 230, '70', 'V?nh Ph?c'),
(4212, 230, '71', '?i?n Bi'),
(4213, 230, '72', '??k N?ng'),
(4214, 230, '73', 'H?u Giang'),
(4215, 232, 'C', 'Saint Croix'),
(4216, 232, 'J', 'Saint John'),
(4217, 232, 'T', 'Saint Thomas'),
(4218, 233, 'A', 'Alo'),
(4219, 233, 'S', 'Sigave'),
(4220, 233, 'W', 'Wallis'),
(4221, 235, 'AB', '?????'),
(4222, 235, 'AD', '???'),
(4223, 235, 'AM', '?????'),
(4224, 235, 'BA', '???????'),
(4225, 235, 'DA', '??????'),
(4226, 235, 'DH', '????'),
(4227, 235, 'HD', '??????'),
(4228, 235, 'HJ', '???'),
(4229, 235, 'HU', '???????'),
(4230, 235, 'IB', '??'),
(4231, 235, 'JA', '?????'),
(4232, 235, 'LA', '???'),
(4233, 235, 'MA', '????'),
(4234, 235, 'MR', '??????'),
(4235, 235, 'MW', '???????'),
(4236, 235, 'SD', '????'),
(4237, 235, 'SN', '?????'),
(4238, 235, 'SH', '????'),
(4239, 235, 'TA', '???'),
(4240, 238, '01', 'Western'),
(4241, 238, '02', 'Central'),
(4242, 238, '03', 'Eastern'),
(4243, 238, '04', 'Luapula'),
(4244, 238, '05', 'Northern'),
(4245, 238, '06', 'North-Western'),
(4246, 238, '07', 'Southern'),
(4247, 238, '08', 'Copperbelt'),
(4248, 238, '09', 'Lusaka'),
(4249, 239, 'MA', 'Manicaland'),
(4250, 239, 'MC', 'Mashonaland Central'),
(4251, 239, 'ME', 'Mashonaland East'),
(4252, 239, 'MI', 'Midlands'),
(4253, 239, 'MN', 'Matabeleland North'),
(4254, 239, 'MS', 'Matabeleland South'),
(4255, 239, 'MV', 'Masvingo'),
(4256, 239, 'MW', 'Mashonaland West');

-- --------------------------------------------------------

-- 
-- Table structure for table `currencies`
-- 

CREATE TABLE `currencies` (
  `id` int(10) NOT NULL auto_increment,
  `active` tinyint(4) NOT NULL default '1',
  `default` tinyint(4) NOT NULL default '0',
  `name` varchar(50) collate utf8_unicode_ci NOT NULL,
  `code` varchar(3) collate utf8_unicode_ci NOT NULL,
  `symbol_left` varchar(24) collate utf8_unicode_ci NOT NULL,
  `symbol_right` varchar(24) collate utf8_unicode_ci NOT NULL,
  `decimal_point` char(1) collate utf8_unicode_ci NOT NULL,
  `thousands_point` char(1) collate utf8_unicode_ci NOT NULL,
  `decimal_places` char(1) collate utf8_unicode_ci NOT NULL,
  `value` float NOT NULL,
  `created` datetime NOT NULL,
  `modified` datetime NOT NULL,
  PRIMARY KEY  (`id`)
) ENGINE=InnoDB DEFAULT CHARSET=utf8 COLLATE=utf8_unicode_ci AUTO_INCREMENT=9 ;

-- 
-- Dumping data for table `currencies`
-- 

INSERT INTO `currencies` (`id`, `active`, `default`, `name`, `code`, `symbol_left`, `symbol_right`, `decimal_point`, `thousands_point`, `decimal_places`, `value`, `created`, `modified`) VALUES 
(3, 1, 1, 'US Dollar', 'USD', '$', '', '.', ',', '2', 1, '2007-07-15 11:39:15', '2007-07-15 13:08:23'),
(5, 1, 0, 'Euro', 'EUR', '&euro;', '', '.', ',', '2', 0.7811, '2007-07-15 13:09:23', '2007-07-15 13:09:23'),
(6, 1, 0, 'GB Pound', 'GBP', '&pound;', '', '.', ',', '2', 0.5289, '2007-07-15 13:10:11', '2007-07-15 13:10:11'),
(7, 0, 0, 'Canadian Dollar', 'CAD', '$', '', '.', ',', '2', 1.1113, '2007-07-15 13:10:32', '2007-07-15 13:10:32'),
(8, 0, 0, 'Australian Dollar', 'AUD', '$', '', '.', ',', '2', 1.3097, '2007-07-15 13:10:52', '2007-08-30 09:24:12');

-- --------------------------------------------------------

-- 
-- Table structure for table `defined_languages`
-- 

CREATE TABLE `defined_languages` (
  `id` int(10) NOT NULL auto_increment,
  `language_id` int(10) NOT NULL,
  `key` varchar(50) collate utf8_unicode_ci NOT NULL,
  `value` text collate utf8_unicode_ci NOT NULL,
  `created` datetime NOT NULL,
  `modified` datetime NOT NULL,
  PRIMARY KEY  (`id`)
) ENGINE=InnoDB DEFAULT CHARSET=utf8 COLLATE=utf8_unicode_ci AUTO_INCREMENT=117 ;

-- 
-- Dumping data for table `defined_languages`
-- 

INSERT INTO `defined_languages` (`id`, `language_id`, `key`, `value`, `created`, `modified`) VALUES 
(25, 1, 'welcome-message', 'Welcome to the online store yo! 2 ', '2007-07-27 20:35:49', '2007-07-27 20:35:49'),
(26, 3, 'welcome-message', 'bbq2 22', '2007-07-27 20:35:49', '2007-07-27 20:35:49'),
(27, 1, 'product', 'Product', '2007-07-31 15:09:46', '2007-07-31 15:09:46'),
(28, 3, 'product', '', '2007-07-31 15:09:46', '2007-07-31 15:09:46'),
(29, 1, 'price-ea', 'Price Ea.', '2007-07-31 15:09:57', '2007-07-31 15:09:57'),
(30, 3, 'price-ea', '', '2007-07-31 15:09:57', '2007-07-31 15:09:57'),
(31, 1, 'qty', 'Qty.', '2007-07-31 15:10:08', '2007-07-31 15:10:08'),
(32, 3, 'qty', '', '2007-07-31 15:10:08', '2007-07-31 15:10:08'),
(33, 1, 'total', 'Total', '2007-07-31 15:10:18', '2007-07-31 15:10:18'),
(34, 3, 'total', '', '2007-07-31 15:10:18', '2007-07-31 15:10:18'),
(35, 1, 'checkout', 'Checkout', '2007-07-31 15:13:50', '2007-07-31 15:13:50'),
(36, 3, 'checkout', '', '2007-07-31 15:13:50', '2007-07-31 15:13:50'),
(37, 1, 'shopping-cart', 'Shopping Cart', '2007-07-31 15:13:59', '2007-07-31 15:13:59'),
(38, 3, 'shopping-cart', '', '2007-07-31 15:13:59', '2007-07-31 15:13:59'),
(39, 1, 'currency', 'Currency', '2007-07-31 15:50:10', '2007-07-31 15:50:10'),
(40, 3, 'currency', '', '2007-07-31 15:50:10', '2007-07-31 15:50:10'),
(41, 1, 'language', 'Language', '2007-08-01 14:53:11', '2007-08-01 14:53:11'),
(42, 3, 'language', 'Language', '2007-08-01 14:53:11', '2007-08-01 14:53:11'),
(43, 1, 'no-cart-items', 'There are no items in your cart.', '2007-08-01 15:17:08', '2007-08-01 15:17:08'),
(44, 3, 'no-cart-items', 'There are no items in your cart.', '2007-08-01 15:17:08', '2007-08-01 15:17:08'),
(45, 1, 'sub-category-list', 'Sub Categories', '2007-08-02 09:32:33', '2007-08-02 09:32:33'),
(46, 3, 'sub-category-list', 'Sub Categories', '2007-08-02 09:32:33', '2007-08-02 09:32:33'),
(47, 1, 'sub-product-list', 'Products in this Category', '2007-08-02 09:32:50', '2007-08-02 09:32:50'),
(48, 3, 'sub-product-list', 'Products in this Category', '2007-08-02 09:32:50', '2007-08-02 09:32:50'),
(49, 1, 'no-sub-categories', 'No child categories.', '2007-08-02 09:36:10', '2007-08-02 09:36:10'),
(50, 3, 'no-sub-categories', '', '2007-08-02 09:36:10', '2007-08-02 09:36:10'),
(53, 1, 'no-sub-products', 'No Child Products.', '2007-08-02 09:36:38', '2007-08-02 09:36:38'),
(54, 3, 'no-sub-products', '', '2007-08-02 09:36:38', '2007-08-02 09:36:38'),
(55, 1, 'name', 'Name', '2007-08-02 13:56:04', '2007-08-02 13:56:04'),
(56, 3, 'name', '', '2007-08-02 13:56:04', '2007-08-02 13:56:04'),
(57, 1, 'Billing Information', 'Billing Information', '2007-08-02 13:56:47', '2007-08-02 13:56:47'),
(58, 3, 'Billing Information', 'Billing Information', '2007-08-02 13:56:47', '2007-08-02 13:56:47'),
(59, 1, 'address_line_1', 'Address Line 1', '2007-08-02 13:57:04', '2007-08-02 13:57:04'),
(60, 3, 'address_line_1', 'Address Line 1', '2007-08-02 13:57:04', '2007-08-02 13:57:04'),
(61, 1, 'address_line_2', 'Address Line 2', '2007-08-02 13:57:34', '2007-08-02 13:57:34'),
(62, 3, 'address_line_2', 'Address Line 2', '2007-08-02 13:57:34', '2007-08-02 13:57:34'),
(65, 1, 'city', 'City', '2007-08-06 17:43:04', '2007-08-06 17:43:04'),
(66, 3, 'city', '', '2007-08-06 17:43:04', '2007-08-06 17:43:04'),
(67, 1, 'state', 'State', '2007-08-06 17:43:57', '2007-08-06 17:43:57'),
(68, 3, 'state', '', '2007-08-06 17:43:57', '2007-08-06 17:43:57'),
(71, 1, 'zipcode', 'Zipcode ', '2007-08-06 17:44:17', '2007-08-06 17:44:17'),
(72, 3, 'zipcode', '', '2007-08-06 17:44:17', '2007-08-06 17:44:17'),
(73, 1, 'Shipping Information', 'Shipping Information (if different from billing address)', '2007-08-06 17:44:44', '2007-08-06 17:44:44'),
(74, 3, 'Shipping Information', 'Shipping Information', '2007-08-06 17:44:44', '2007-08-06 17:44:44'),
(75, 1, 'continue to payment', 'Continue to Payment =>', '2007-08-06 17:58:54', '2007-08-06 17:58:54'),
(76, 3, 'continue to payment', '', '2007-08-06 17:58:54', '2007-08-06 17:58:54'),
(77, 1, 'Shipping Method', 'Shipping Method', '2007-08-06 18:00:49', '2007-08-06 18:00:49'),
(78, 3, 'Shipping Method', '', '2007-08-06 18:00:49', '2007-08-06 18:00:49'),
(79, 1, 'Payment Method', 'Payment Method', '2007-08-06 18:00:59', '2007-08-06 18:00:59'),
(80, 3, 'Payment Method', '', '2007-08-06 18:00:59', '2007-08-06 18:00:59'),
(81, 1, 'Confirm Order', 'Confirm Order', '2007-08-07 11:24:48', '2007-08-07 11:24:48'),
(82, 3, 'Confirm Order', 'Confirm Order', '2007-08-07 11:24:48', '2007-08-07 11:24:48'),
(83, 1, 'Make payment with money order/check.', 'You are about to make a payment using a money order or check.  Please note that this form of payment will take an additional 5-7 days to clear before your order is shipped.', '2007-08-07 11:45:43', '2007-08-07 11:45:43'),
(84, 3, 'Make payment with money order/check.', 'You are about to make a payment using a money order or check.  Please note that this form of payment will take an additional 5-7 days to clear before your order is shipped.', '2007-08-07 11:45:44', '2007-08-07 11:45:44'),
(87, 1, 'Contact Information', 'Contact Information', '2007-08-09 09:24:12', '2007-08-09 09:24:12'),
(88, 3, 'Contact Information', 'Contact Information', '2007-08-09 09:24:12', '2007-08-09 09:24:12'),
(93, 1, 'email', 'Email', '2007-08-10 10:59:57', '2007-08-10 10:59:57'),
(94, 3, 'email', 'Email', '2007-08-10 10:59:57', '2007-08-10 10:59:57'),
(95, 1, 'phone', 'Phone', '2007-08-10 11:34:27', '2007-08-10 11:34:27'),
(96, 3, 'phone', '', '2007-08-10 11:34:27', '2007-08-10 11:34:27'),
(97, 1, 'shipping', 'Shipping', '2007-08-10 13:04:09', '2007-08-10 13:04:09'),
(98, 3, 'shipping', '', '2007-08-10 13:04:09', '2007-08-10 13:04:09'),
(99, 1, 'cart-contents', 'Cart Contents', '2007-08-10 13:08:48', '2007-08-10 13:08:48'),
(100, 3, 'cart-contents', 'Cart Contents', '2007-08-10 13:08:48', '2007-08-10 13:08:48'),
(103, 1, 'money_order_check-details', 'Your order will ship out after your payment clears.', '2007-08-11 15:34:09', '2007-08-11 15:34:09'),
(104, 3, 'money_order_check-details', '', '2007-08-11 15:34:09', '2007-08-11 15:34:09'),
(105, 1, 'store_pickup-details', 'Enter any in-store pickup details here.  You can find this content in the admin area, Locale -> Defined Language Values -> store-pickup-details', '2007-08-11 15:34:18', '2007-08-11 15:34:18'),
(106, 3, 'store_pickup-details', '', '2007-08-11 15:34:18', '2007-08-11 15:34:18'),
(107, 1, 'paypal-details', 'Checkout with paypal.', '2007-08-11 15:35:57', '2007-08-11 15:35:57'),
(108, 3, 'paypal-details', '', '2007-08-11 15:35:57', '2007-08-11 15:35:57'),
(109, 1, 'credit_card-details', 'Enter your credit card details.', '2007-08-12 16:08:57', '2007-08-12 16:08:57'),
(110, 3, 'credit_card-details', '', '2007-08-12 16:08:57', '2007-08-12 16:08:57'),
(111, 1, 'Read Reviews', 'Read Reviews', '2007-08-13 09:28:49', '2007-08-13 09:28:49'),
(112, 3, 'Read Reviews', 'Read Reviews', '2007-08-13 09:28:49', '2007-08-13 09:28:49'),
(115, 1, 'google_html-details', '<p>Ready to checkout? Click the button below to be taken to Google Checkout.</p>', '2007-08-13 16:57:39', '2007-08-13 16:57:39'),
(116, 3, 'google_html-details', '', '2007-08-13 16:57:39', '2007-08-13 16:57:39');

-- --------------------------------------------------------

-- 
-- Table structure for table `events`
-- 

CREATE TABLE `events` (
  `id` int(10) NOT NULL auto_increment,
  `alias` varchar(50) collate utf8_unicode_ci NOT NULL,
  `originator` varchar(50) collate utf8_unicode_ci NOT NULL,
  `description` varchar(200) collate utf8_unicode_ci NOT NULL,
  `created` datetime NOT NULL,
  `modified` datetime NOT NULL,
  PRIMARY KEY  (`id`)
) ENGINE=InnoDB DEFAULT CHARSET=utf8 COLLATE=utf8_unicode_ci AUTO_INCREMENT=13 ;

-- 
-- Dumping data for table `events`
-- 

INSERT INTO `events` (`id`, `alias`, `originator`, `description`, `created`, `modified`) VALUES 
(1, 'UpdateOrderTotalsBeforeSave', 'Core', '', '0000-00-00 00:00:00', '0000-00-00 00:00:00'),
(2, 'UpdateOrderTotalsAfterSave', 'Core', '', '0000-00-00 00:00:00', '0000-00-00 00:00:00'),
(3, 'PlaceOrderBeforeSave', 'Core', '', '0000-00-00 00:00:00', '0000-00-00 00:00:00'),
(4, 'PlaceOrderAfterSave', 'Core', '', '0000-00-00 00:00:00', '0000-00-00 00:00:00'),
(5, 'AddToCartBeforeSave', 'Core', '', '0000-00-00 00:00:00', '0000-00-00 00:00:00'),
(6, 'AddToCartAfterSave', 'Core', '', '0000-00-00 00:00:00', '0000-00-00 00:00:00'),
(7, 'RemoveFromCartBeforeSave', 'Core', '', '0000-00-00 00:00:00', '0000-00-00 00:00:00'),
(8, 'RemoveFromCartAfterSave', 'Core', '', '0000-00-00 00:00:00', '0000-00-00 00:00:00'),
(9, 'UpdateCustomerDetailsBeforeSave', 'Core', '', '0000-00-00 00:00:00', '0000-00-00 00:00:00'),
(10, 'UpdateCustomerDetailsAfterSave', 'Core', '', '0000-00-00 00:00:00', '0000-00-00 00:00:00'),
(11, 'SwitchLanguage', 'Core', '', '0000-00-00 00:00:00', '0000-00-00 00:00:00'),
(12, 'SwitchCurrency', 'Core', '', '0000-00-00 00:00:00', '0000-00-00 00:00:00');

-- --------------------------------------------------------

-- 
-- Table structure for table `event_handlers`
-- 

CREATE TABLE `event_handlers` (
  `id` int(10) NOT NULL auto_increment,
  `event_id` int(10) NOT NULL,
  `originator` varchar(50) collate utf8_unicode_ci NOT NULL,
  `action` varchar(200) collate utf8_unicode_ci NOT NULL,
  `created` datetime NOT NULL,
  `modified` datetime NOT NULL,
  PRIMARY KEY  (`id`)
) ENGINE=InnoDB DEFAULT CHARSET=utf8 COLLATE=utf8_unicode_ci AUTO_INCREMENT=9 ;

-- 
-- Dumping data for table `event_handlers`
-- 

INSERT INTO `event_handlers` (`id`, `event_id`, `originator`, `action`, `created`, `modified`) VALUES 
(8, 2, 'CouponsModule', '/module_coupons/event/utilize_coupon/', '2007-09-13 11:11:08', '2007-09-13 11:11:08');

-- --------------------------------------------------------

-- 
-- Table structure for table `global_content_blocks`
-- 

CREATE TABLE `global_content_blocks` (
  `id` int(10) NOT NULL auto_increment,
  `name` varchar(100) collate utf8_unicode_ci NOT NULL,
  `content` text collate utf8_unicode_ci NOT NULL,
  `alias` varchar(50) collate utf8_unicode_ci NOT NULL,
  `active` tinyint(4) NOT NULL default '1',
  `created` datetime NOT NULL,
  `modified` datetime NOT NULL,
  PRIMARY KEY  (`id`)
) ENGINE=InnoDB DEFAULT CHARSET=utf8 COLLATE=utf8_unicode_ci AUTO_INCREMENT=39 ;

-- 
-- Dumping data for table `global_content_blocks`
-- 

INSERT INTO `global_content_blocks` (`id`, `name`, `content`, `alias`, `active`, `created`, `modified`) VALUES 
(38, 'Footer', '<a href="http://sellingmadesimple.org/" target="blank">Powered by Selling Made Simple</a>', 'footer', 1, '2007-07-17 10:00:06', '2007-09-12 17:05:49');

-- --------------------------------------------------------

-- 
-- Table structure for table `languages`
-- 

CREATE TABLE `languages` (
  `id` int(10) NOT NULL auto_increment,
  `default` tinyint(4) NOT NULL,
  `name` varchar(50) collate utf8_unicode_ci NOT NULL,
  `code` varchar(5) collate utf8_unicode_ci NOT NULL,
  `iso_code_2` varchar(2) collate utf8_unicode_ci NOT NULL,
  `active` tinyint(4) NOT NULL default '1',
  `sort_order` int(3) NOT NULL,
  PRIMARY KEY  (`id`)
) ENGINE=InnoDB DEFAULT CHARSET=utf8 COLLATE=utf8_unicode_ci AUTO_INCREMENT=4 ;

-- 
-- Dumping data for table `languages`
-- 

INSERT INTO `languages` (`id`, `default`, `name`, `code`, `iso_code_2`, `active`, `sort_order`) VALUES 
(1, 1, 'English', 'en_US', 'us', 1, 1),
(3, 0, 'Espaol', 'es_ES', 'es', 1, 0);

-- --------------------------------------------------------

-- 
-- Table structure for table `micro_templates`
-- 

CREATE TABLE `micro_templates` (
  `id` int(10) NOT NULL auto_increment,
  `alias` varchar(50) collate utf8_unicode_ci NOT NULL,
  `template` text collate utf8_unicode_ci NOT NULL,
  `created` datetime NOT NULL,
  `modified` datetime NOT NULL,
  `tag_name` varchar(20) collate utf8_unicode_ci NOT NULL,
  PRIMARY KEY  (`id`)
) ENGINE=InnoDB DEFAULT CHARSET=utf8 COLLATE=utf8_unicode_ci AUTO_INCREMENT=10 ;

-- 
-- Dumping data for table `micro_templates`
-- 

INSERT INTO `micro_templates` (`id`, `alias`, `template`, `created`, `modified`, `tag_name`) VALUES 
(1, 'vertical-menu', '<div id="menuwrapper">\r\n<ul id="primary-nav">\r\n{foreach from=$content_list item=node}\r\n	<li\r\n	{if $node.alias == $content_alias}\r\n		class="active"\r\n	{/if}\r\n	><a href="{$node.url}">{$node.name}</a></li>\r\n{/foreach}\r\n</ul>\r\n<div class="clearb"></div>\r\n</div>', '2007-07-28 17:08:06', '2007-09-02 22:14:50', 'content_listing'),
(3, 'information-links', '<ul class="information">\r\n{foreach from=$content_list item=node}\r\n	<li\r\n	{if $node.alias == $content_alias}\r\n		class="active"\r\n	{/if}\r\n	><a href="{$node.url}">{$node.name}</a></li>\r\n{/foreach}\r\n</ul>\r\n<div class="clearb"></div>', '2007-07-30 15:42:21', '2007-09-02 22:26:58', 'content_listing'),
(5, 'shopping-cart', '<div class="cart">\r\n	<table style="width:100%;">\r\n		<tr>	\r\n			<th> </th>\r\n			<th>{lang}product{/lang}</th>\r\n			<th>{lang}price-ea{/lang}</th>\r\n			<th>{lang}qty{/lang}</th>\r\n			<th>{lang}total{/lang}</th>\r\n		</tr>\r\n				\r\n		{foreach from=$order_items item=product}			\r\n			<tr>\r\n				<td><a href="/cart/remove_product/{$product.id}" class="remove">x</a></td>\r\n				<td><a href="{$product.link}">{$product.name}</a></td>\r\n				<td>{$product.price}</td>\r\n				<td>{$product.qty}</td>\r\n				<td>{$product.line_total}</td>\r\n			</tr>				\r\n		{foreachelse}	\r\n			<tr>\r\n				<td colspan="5">{lang}no-cart-items{/lang}</td>\r\n			</tr>\r\n		{/foreach}				\r\n				\r\n		<tr class="cart_total">\r\n			<td colspan="5">{lang}total{/lang} {$order_total}</td>\r\n		</tr>\r\n	</table>\r\n	<a class="checkout" href="{$checkout_link}">{lang}checkout{/lang}</a>\r\n</div>', '2007-07-31 14:56:59', '2007-09-02 22:26:49', 'shopping_cart'),
(6, 'currency-box', '<div class="info_box">\r\n	<div class="box_heading">{lang}currency{/lang}</div>\r\n	<div class="box_content">\r\n		<form action="/currencies/pick_currency/" method="post">\r\n		<select name="currency_picker">\r\n	 	{foreach from=$currencies item=currency}\r\n	<option value="{$currency.id}" {if $currency.id == $smarty.session.Customer.currency_id}selected="selected"{/if}>{$currency.name}</option>\r\n		{/foreach}\r\n		</select>\r\n		<input type="submit" value="Go" />\r\n		</form>\r\n	</div>\r\n</div>', '2007-08-01 14:42:02', '2007-09-06 16:43:19', 'currency_box'),
(8, 'cart-content-box', '<div id="cart">\r\n	<a href="{$cart_link}" class="shopping_cart_link">{lang}shopping-cart{/lang}</a>\r\n	<ul class="cart_contents">\r\n		{foreach from=$order_items item=product}\r\n			<li>{$product.qty} x <a href="{$product.url}">{$product.name}</a></li>\r\n		{/foreach}\r\n	</ul>\r\n	<ul class="cart_total">\r\n		<li>{lang}total{/lang}: {$order_total}</li>\r\n	</ul>\r\n	<a class="checkout" href="{$checkout_link}">{lang}checkout{/lang}</a>\r\n</div>', '2007-08-09 16:27:09', '2007-09-02 22:26:30', 'shopping_cart'),
(9, 'payment-view-cart', '<div class="cart">\r\n	<table style="width:100%;">\r\n		<tr>	\r\n			<th> </th>\r\n			<th>{lang}product{/lang}</th>\r\n			<th>{lang}price-ea{/lang}</th>\r\n			<th>{lang}qty{/lang}</th>\r\n			<th>{lang}total{/lang}</th>\r\n		</tr>\r\n				\r\n		{foreach from=$order_items item=product}			\r\n			<tr>\r\n				<td><a href="/cart/remove_product/{$product.id}" class="remove">x</a></td>\r\n				<td><a href="{$product.link}">{$product.name}</a></td>\r\n				<td>{$product.price}</td>\r\n				<td>{$product.qty}</td>\r\n				<td>{$product.line_total}</td>\r\n			</tr>				\r\n		{foreachelse}	\r\n			<tr>\r\n				<td colspan="5">{lang}no-cart-items{/lang}</td>\r\n			</tr>\r\n		{/foreach}				\r\n				\r\n		<tr class="cart_total">\r\n			<td colspan="5">\r\n				{lang}shipping{/lang}: {$shipping_total}<br />\r\n				<strong>{lang}total{/lang}:</strong> {$order_total}\r\n			</td>\r\n		</tr>\r\n	</table>\r\n</div>', '2007-08-10 13:09:25', '2007-09-02 22:25:57', 'shopping_cart');

-- --------------------------------------------------------

-- 
-- Table structure for table `modules`
-- 

CREATE TABLE `modules` (
  `id` int(10) NOT NULL auto_increment,
  `name` varchar(50) collate utf8_unicode_ci NOT NULL,
  `alias` varchar(50) collate utf8_unicode_ci NOT NULL,
  `version` varchar(10) collate utf8_unicode_ci NOT NULL,
  `nav_level` int(4) NOT NULL,
  PRIMARY KEY  (`id`)
) ENGINE=InnoDB DEFAULT CHARSET=utf8 COLLATE=utf8_unicode_ci AUTO_INCREMENT=30 ;

-- 
-- Dumping data for table `modules`
-- 

INSERT INTO `modules` (`id`, `name`, `alias`, `version`, `nav_level`) VALUES 
(16, 'Reviews', 'reviews', '1.0', 3),
(29, 'Coupons', 'coupons', '2', 3);

-- --------------------------------------------------------

-- 
-- Table structure for table `module_coupons`
-- 

CREATE TABLE `module_coupons` (
  `id` int(10) NOT NULL auto_increment,
  `name` varchar(50) collate utf8_unicode_ci NOT NULL,
  `code` varchar(50) collate utf8_unicode_ci NOT NULL,
  `free_shipping` varchar(10) collate utf8_unicode_ci NOT NULL,
  `percent_off_total` double NOT NULL,
  `amount_off_total` double NOT NULL,
  `max_uses` int(10) NOT NULL,
  `min_product_count` int(10) NOT NULL,
  `max_product_count` int(10) NOT NULL,
  `min_order_total` int(10) NOT NULL,
  `max_order_total` int(10) NOT NULL,
  `start_date` datetime NOT NULL,
  `expiration_date` datetime NOT NULL,
  `created` datetime NOT NULL,
  `modified` datetime NOT NULL,
  PRIMARY KEY  (`id`)
) ENGINE=InnoDB DEFAULT CHARSET=utf8 COLLATE=utf8_unicode_ci AUTO_INCREMENT=1 ;

-- 
-- Dumping data for table `module_coupons`
-- 


-- --------------------------------------------------------

-- 
-- Table structure for table `module_reviews`
-- 

CREATE TABLE `module_reviews` (
  `id` int(10) NOT NULL auto_increment,
  `content_id` int(10) NOT NULL,
  `name` varchar(50) collate utf8_unicode_ci NOT NULL,
  `content` text collate utf8_unicode_ci NOT NULL,
  `created` datetime NOT NULL,
  `modified` datetime NOT NULL,
  PRIMARY KEY  (`id`)
) ENGINE=InnoDB DEFAULT CHARSET=utf8 COLLATE=utf8_unicode_ci AUTO_INCREMENT=1 ;

-- 
-- Dumping data for table `module_reviews`
-- 


-- --------------------------------------------------------

-- 
-- Table structure for table `orders`
-- 

CREATE TABLE `orders` (
  `id` int(10) NOT NULL auto_increment,
  `order_status_id` int(10) NOT NULL,
  `shipping_method_id` int(10) NOT NULL,
  `payment_method_id` int(10) NOT NULL,
  `shipping` double NOT NULL,
  `tax` double NOT NULL,
  `total` double NOT NULL,
  `bill_name` varchar(100) collate utf8_unicode_ci NOT NULL,
  `bill_line_1` varchar(100) collate utf8_unicode_ci NOT NULL,
  `bill_line_2` varchar(100) collate utf8_unicode_ci NOT NULL,
  `bill_city` varchar(100) collate utf8_unicode_ci NOT NULL,
  `bill_state` varchar(100) collate utf8_unicode_ci NOT NULL,
  `bill_zip` varchar(20) collate utf8_unicode_ci NOT NULL,
  `ship_name` varchar(100) collate utf8_unicode_ci NOT NULL,
  `ship_line_1` varchar(100) collate utf8_unicode_ci NOT NULL,
  `ship_line_2` varchar(100) collate utf8_unicode_ci NOT NULL,
  `ship_city` varchar(100) collate utf8_unicode_ci NOT NULL,
  `ship_state` varchar(100) collate utf8_unicode_ci NOT NULL,
  `ship_zip` varchar(20) collate utf8_unicode_ci NOT NULL,
  `email` varchar(100) collate utf8_unicode_ci NOT NULL,
  `phone` varchar(15) collate utf8_unicode_ci NOT NULL,
  `cc_number` int(20) NOT NULL,
  `cc_expiration_month` int(2) NOT NULL,
  `cc_expiration_year` int(4) NOT NULL,
  `created` datetime NOT NULL,
  PRIMARY KEY  (`id`)
) ENGINE=InnoDB DEFAULT CHARSET=utf8 COLLATE=utf8_unicode_ci AUTO_INCREMENT=74 ;

-- 
-- Dumping data for table `orders`
-- 

INSERT INTO `orders` (`id`, `order_status_id`, `shipping_method_id`, `payment_method_id`, `shipping`, `tax`, `total`, `bill_name`, `bill_line_1`, `bill_line_2`, `bill_city`, `bill_state`, `bill_zip`, `ship_name`, `ship_line_1`, `ship_line_2`, `ship_city`, `ship_state`, `ship_zip`, `email`, `phone`, `cc_number`, `cc_expiration_month`, `cc_expiration_year`, `created`) VALUES 
(14, 3, 2, 2, 5.99, 0, 25.79, 'Test Order', 'asdfasf', 'asdfasdf', '', '', '', '', '', '', '', '', '', '', '', 0, 0, 0, '0000-00-00 00:00:00'),
(39, 4, 2, 4, 5.99, 0, 16.98, 'asdfasfdbbq', '', '', '', '', '', '', '', '', '', '', '', '', '', 1234325345, 8, 2005, '0000-00-00 00:00:00'),
(68, 4, 2, 2, 5.99, 0, 115.89, 'Bob Johnson', 'asdf', '', '', '', '', '', '', '', '', '', '', '', '', 0, 0, 0, '2007-08-30 15:38:18'),
(69, 0, 2, 2, 5.99, 0, 5.99, '', '', '', '', '', '', '', '', '', '', '', '', '', '', 0, 0, 0, '2007-08-31 17:55:50'),
(70, 0, 2, 2, 5.99, 0, 16.98, '', '', '', '', '', '', '', '', '', '', '', '', '', '', 0, 0, 0, '2007-09-02 22:06:59'),
(71, 0, 2, 2, 5.99, 0, 16.98, '', '', '', '', '', '', '', '', '', '', '', '', '', '', 0, 0, 0, '2007-09-06 16:46:13'),
(72, 0, 2, 2, 5.99, 0, 16.98, '', '', '', '', '', '', '', '', '', '', '', '', '', '', 0, 0, 0, '2007-09-10 12:46:43'),
(73, 0, 2, 2, 5.99, 0, 16.98, '', '', '', '', '', '', '', '', '', '', '', '', '', '', 0, 0, 0, '2007-09-12 11:59:00');

-- --------------------------------------------------------

-- 
-- Table structure for table `order_comments`
-- 

CREATE TABLE `order_comments` (
  `id` int(10) NOT NULL auto_increment,
  `user_id` int(10) NOT NULL,
  `order_id` int(10) NOT NULL,
  `sent_to_customer` tinyint(4) NOT NULL,
  `comment` varchar(255) collate utf8_unicode_ci NOT NULL,
  `created` datetime NOT NULL,
  `modified` datetime NOT NULL,
  PRIMARY KEY  (`id`)
) ENGINE=InnoDB DEFAULT CHARSET=utf8 COLLATE=utf8_unicode_ci AUTO_INCREMENT=3 ;

-- 
-- Dumping data for table `order_comments`
-- 

INSERT INTO `order_comments` (`id`, `user_id`, `order_id`, `sent_to_customer`, `comment`, `created`, `modified`) VALUES 
(1, 1, 14, 0, 'asdf', '2007-08-28 11:06:18', '2007-08-28 11:06:18'),
(2, 1, 14, 0, '', '2007-08-28 11:06:34', '2007-08-28 11:06:34');

-- --------------------------------------------------------

-- 
-- Table structure for table `order_products`
-- 

CREATE TABLE `order_products` (
  `id` int(10) NOT NULL auto_increment,
  `order_id` int(10) NOT NULL,
  `content_id` int(10) NOT NULL,
  `name` varchar(100) collate utf8_unicode_ci NOT NULL,
  `quantity` int(10) NOT NULL,
  `price` double NOT NULL,
  `weight` varchar(10) collate utf8_unicode_ci NOT NULL,
  `tax` double NOT NULL,
  PRIMARY KEY  (`id`)
) ENGINE=InnoDB DEFAULT CHARSET=utf8 COLLATE=utf8_unicode_ci AUTO_INCREMENT=215 ;

-- 
-- Dumping data for table `order_products`
-- 

INSERT INTO `order_products` (`id`, `order_id`, `content_id`, `name`, `quantity`, `price`, `weight`, `tax`) VALUES 
(1, 1, 37, 'Internet Explorer', 0, 10.99, '', 0),
(2, 1, 37, 'Internet Explorer', 0, 10.99, '', 0),
(13, 10, 38, 'Mozilla Firefox', 3, 4.95, '', 0),
(18, 10, 37, 'Internet Explorer', 2, 10.99, '', 0),
(19, 11, 37, 'Internet Explorer', 3, 10.99, '', 0),
(20, 11, 38, 'Mozilla Firefox', 2, 4.95, '', 0),
(21, 12, 37, 'Internet Explorer', 3, 10.99, '', 0),
(23, 14, 38, 'Mozilla Firefoxtest', 4, 4.95, '', 0),
(28, 18, 55, 'Linux Rocks', 3, 0.01, '', 0),
(30, 20, 38, 'Mozilla Firefoxtest', 1, 4.95, '', 0),
(31, 20, 37, 'Internet Explorer', 1, 10.99, '', 0),
(32, 21, 37, 'Internet Explorer', 1, 10.99, '', 0),
(33, 21, 38, 'Mozilla Firefoxtest', 1, 4.95, '', 0),
(37, 39, 37, 'Internet Explorer', 1, 10.99, '', 0),
(41, 42, 38, 'Mozilla Firefoxtest', 1, 4.95, '', 0),
(44, 44, 37, 'Internet Explorer', 1, 10.99, '0', 0),
(45, 44, 38, 'Mozilla Firefoxtest', 1, 4.95, '10', 0),
(47, 45, 37, 'Internet Explorer', 1, 10.99, '0', 0),
(48, 45, 38, 'Mozilla Firefoxtest', 1, 4.95, '10', 0),
(49, 46, 38, 'Mozilla Firefoxtest', 4, 4.95, '10', 0),
(50, 47, 37, 'Internet Explorer', 1, 10.99, '0', 0),
(51, 48, 37, 'Internet Explorer', 2, 10.99, '0', 0),
(52, 50, 37, 'Internet Explorer', 2, 10.99, '0', 0),
(55, 52, 38, 'Mozilla Firefoxtest', 1, 4.95, '3', 0),
(58, 53, 37, 'Internet Explorer', 1, 10.99, '0', 0),
(60, 54, 37, 'Internet Explorer', 1, 10.99, '0', 0),
(61, 55, 37, 'Internet Explorer', 1, 10.99, '0', 0),
(62, 56, 37, 'Internet Explorer', 5, 10.99, '0', 0),
(64, 57, 37, 'Internet Explorer', 1, 10.99, '0', 0),
(65, 59, 37, 'Internet Explorer', 1, 10.99, '0', 0),
(66, 61, 37, 'Internet Explorer', 2, 10.99, '0', 0),
(67, 63, 37, 'Internet Explorer', 3, 10.99, '0', 0),
(68, 63, 38, 'Mozilla Firefoxtest', 1, 4.95, '3', 0),
(198, 65, 37, 'Internet Explorer', 3, 10.99, '0', 0),
(207, 65, 61, 'Coupon: Amount Off Order - asdfasdf', 1, -22, '', 0),
(208, 66, 38, 'Mozilla Firefoxtest', 1, 4.95, '3', 0),
(209, 67, 37, 'Internet Explorer', 13, 10.99, '0', 0),
(210, 68, 37, 'Internet Explorer', 10, 10.99, '0', 0),
(211, 70, 37, 'Internet Explorer', 1, 10.99, '0', 0),
(212, 71, 37, 'Internet Explorer', 1, 10.99, '0', 0),
(213, 72, 37, 'Internet Explorer', 1, 10.99, '0', 0),
(214, 73, 37, 'Internet Explorer', 1, 10.99, '0', 0);

-- --------------------------------------------------------

-- 
-- Table structure for table `order_statuses`
-- 

CREATE TABLE `order_statuses` (
  `id` int(10) NOT NULL auto_increment,
  `default` tinyint(4) NOT NULL,
  `order` int(4) NOT NULL,
  PRIMARY KEY  (`id`)
) ENGINE=InnoDB DEFAULT CHARSET=utf8 COLLATE=utf8_unicode_ci AUTO_INCREMENT=6 ;

-- 
-- Dumping data for table `order_statuses`
-- 

INSERT INTO `order_statuses` (`id`, `default`, `order`) VALUES 
(3, 0, 2),
(4, 1, 1),
(5, 0, 3);

-- --------------------------------------------------------

-- 
-- Table structure for table `order_status_descriptions`
-- 

CREATE TABLE `order_status_descriptions` (
  `id` int(10) NOT NULL auto_increment,
  `order_status_id` int(10) NOT NULL,
  `language_id` int(10) NOT NULL,
  `name` varchar(50) collate utf8_unicode_ci NOT NULL,
  `description` text collate utf8_unicode_ci NOT NULL,
  PRIMARY KEY  (`id`)
) ENGINE=InnoDB DEFAULT CHARSET=utf8 COLLATE=utf8_unicode_ci AUTO_INCREMENT=37 ;

-- 
-- Dumping data for table `order_status_descriptions`
-- 

INSERT INTO `order_status_descriptions` (`id`, `order_status_id`, `language_id`, `name`, `description`) VALUES 
(31, 3, 1, 'Shipped', ''),
(32, 3, 3, 'Shipped', ''),
(33, 4, 1, 'Pending', ''),
(34, 4, 3, 'asdf', ''),
(35, 5, 1, 'Processing', ''),
(36, 5, 3, 'asdf', '');

-- --------------------------------------------------------

-- 
-- Table structure for table `payment_methods`
-- 

CREATE TABLE `payment_methods` (
  `id` int(10) NOT NULL auto_increment,
  `active` tinyint(4) NOT NULL,
  `default` tinyint(4) NOT NULL,
  `name` varchar(100) collate utf8_unicode_ci NOT NULL,
  `alias` varchar(100) collate utf8_unicode_ci NOT NULL,
  PRIMARY KEY  (`id`)
) ENGINE=InnoDB DEFAULT CHARSET=utf8 COLLATE=utf8_unicode_ci AUTO_INCREMENT=7 ;

-- 
-- Dumping data for table `payment_methods`
-- 

INSERT INTO `payment_methods` (`id`, `active`, `default`, `name`, `alias`) VALUES 
(1, 1, 0, 'In-store Pickup', 'store_pickup'),
(2, 1, 1, 'Money Order/Check', 'money_order_check'),
(3, 1, 0, 'Paypal', 'paypal'),
(4, 1, 0, 'Credit Card', 'credit_card'),
(5, 1, 0, 'Authorize.Net', 'authorize'),
(6, 1, 0, 'Google Checkout', 'google_html');

-- --------------------------------------------------------

-- 
-- Table structure for table `payment_method_values`
-- 

CREATE TABLE `payment_method_values` (
  `id` int(10) NOT NULL auto_increment,
  `payment_method_id` int(10) NOT NULL,
  `key` varchar(50) collate utf8_unicode_ci NOT NULL,
  `value` varchar(100) collate utf8_unicode_ci NOT NULL,
  PRIMARY KEY  (`id`)
) ENGINE=InnoDB DEFAULT CHARSET=utf8 COLLATE=utf8_unicode_ci AUTO_INCREMENT=6 ;

-- 
-- Dumping data for table `payment_method_values`
-- 

INSERT INTO `payment_method_values` (`id`, `payment_method_id`, `key`, `value`) VALUES 
(3, 3, 'paypal_email', 'kevingraasdfndon@hotmail.com'),
(4, 5, 'authorize_login', '888888888'),
(5, 6, 'google_html_merchant_id', '1234567890');

-- --------------------------------------------------------

-- 
-- Table structure for table `search_tables`
-- 

CREATE TABLE `search_tables` (
  `id` int(10) NOT NULL auto_increment,
  `model` varchar(50) collate utf8_unicode_ci NOT NULL,
  `field` varchar(50) collate utf8_unicode_ci NOT NULL,
  `url` varchar(50) collate utf8_unicode_ci NOT NULL,
  `edit_field` varchar(50) collate utf8_unicode_ci NOT NULL,
  `alternate_anchor` varchar(50) collate utf8_unicode_ci NOT NULL,
  PRIMARY KEY  (`id`)
) ENGINE=InnoDB DEFAULT CHARSET=utf8 COLLATE=utf8_unicode_ci AUTO_INCREMENT=13 ;

-- 
-- Dumping data for table `search_tables`
-- 

INSERT INTO `search_tables` (`id`, `model`, `field`, `url`, `edit_field`, `alternate_anchor`) VALUES 
(1, 'Content', 'alias', '/contents/admin_edit/', 'id', ''),
(2, 'Content', 'head_data', '/contents/admin_edit/', 'content_id', ''),
(3, 'ContentDescription', 'name', '/contents/admin_edit/', 'content_id', ''),
(4, 'ContentDescription', 'description', '/contents/admin_edit/', 'content_id', 'name'),
(5, 'ContentLink', 'url', '/contents/admin_edit/', 'content_id', ''),
(6, 'Language', 'name', '/languages/admin_edit/', 'id', ''),
(7, 'DefinedLanguage', 'key', '/defined_languages/admin_edit/', 'key', ''),
(8, 'DefinedLanguage', 'value', '/defined_languages/admin_edit/', 'key', ''),
(9, 'Template', 'name', '/templates/admin_edit_microplate/', 'id', ''),
(10, 'Template', 'template', '/templates/admin_edit_microplate/', 'id', 'name'),
(11, 'Stylesheet', 'name', '/stylesheets/admin_edit/', 'id', ''),
(12, 'Stylesheet', 'stylesheet', '/stylesheets/admin_edit/', 'id', 'name');

-- --------------------------------------------------------

-- 
-- Table structure for table `shipping_methods`
-- 

CREATE TABLE `shipping_methods` (
  `id` int(10) NOT NULL auto_increment,
  `name` varchar(100) collate utf8_unicode_ci NOT NULL,
  `code` varchar(100) collate utf8_unicode_ci NOT NULL,
  `default` tinyint(4) NOT NULL default '0',
  `active` tinyint(4) NOT NULL,
  PRIMARY KEY  (`id`)
) ENGINE=InnoDB DEFAULT CHARSET=utf8 COLLATE=utf8_unicode_ci AUTO_INCREMENT=5 ;

-- 
-- Dumping data for table `shipping_methods`
-- 

INSERT INTO `shipping_methods` (`id`, `name`, `code`, `default`, `active`) VALUES 
(1, 'Free Shipping', 'free_shipping', 0, 1),
(2, 'Flat Rate', 'flat_rate', 1, 1),
(3, 'Per Item', 'per_item', 0, 1),
(4, 'Table Based', 'table_based', 0, 1);

-- --------------------------------------------------------

-- 
-- Table structure for table `shipping_method_values`
-- 

CREATE TABLE `shipping_method_values` (
  `id` int(10) NOT NULL auto_increment,
  `shipping_method_id` int(10) NOT NULL,
  `key` varchar(50) collate utf8_unicode_ci NOT NULL,
  `value` varchar(100) collate utf8_unicode_ci NOT NULL,
  PRIMARY KEY  (`id`)
) ENGINE=InnoDB DEFAULT CHARSET=utf8 COLLATE=utf8_unicode_ci AUTO_INCREMENT=11 ;

-- 
-- Dumping data for table `shipping_method_values`
-- 

INSERT INTO `shipping_method_values` (`id`, `shipping_method_id`, `key`, `value`) VALUES 
(4, 2, 'rate', '5.99'),
(6, 3, 'per_item_amount', '1'),
(7, 3, 'per_item_handling', '5.00'),
(8, 4, 'table_based_type', 'weight'),
(9, 4, 'table_based_rates', '0:0.50,\r\n1:1.50,\r\n2:2.25,\r\n3:3.00,\r\n4:5.75'),
(10, 2, 'cost', '5.99');

-- --------------------------------------------------------

-- 
-- Table structure for table `stylesheets`
-- 

CREATE TABLE `stylesheets` (
  `id` int(10) NOT NULL auto_increment,
  `active` tinyint(4) NOT NULL,
  `name` varchar(50) collate utf8_unicode_ci NOT NULL,
  `alias` varchar(100) collate utf8_unicode_ci NOT NULL,
  `stylesheet` text collate utf8_unicode_ci NOT NULL,
  `stylesheet_media_type_id` int(10) NOT NULL,
  `created` datetime NOT NULL,
  `modified` datetime NOT NULL,
  PRIMARY KEY  (`id`)
) ENGINE=InnoDB DEFAULT CHARSET=utf8 COLLATE=utf8_unicode_ci AUTO_INCREMENT=22 ;

-- 
-- Dumping data for table `stylesheets`
-- 

INSERT INTO `stylesheets` (`id`, `active`, `name`, `alias`, `stylesheet`, `stylesheet_media_type_id`, `created`, `modified`) VALUES 
(15, 1, 'Default Layout', 'default-home-page-layout', '* {\r\n    padding:0;\r\n    margin:0;\r\n}\r\na img {\r\n    border:0;\r\n}\r\nbody {\r\n    background-color:#EEE;\r\n}\r\n#layout {\r\n    width:900px;\r\n    margin:auto;\r\n    background-color:#FFFFFF;\r\n\r\n}\r\n#header h1 a {\r\n	display:block;\r\n	padding:15px 10px;\r\n}\r\n#navigation {\r\n	background-color:#0C3887;\r\n	text-align:center;\r\n	height:40px;\r\n	overflow:hidden;\r\n}\r\n#content {\r\n	width:60%;\r\n	float:left;\r\n}\r\n#inner-content {\r\n	padding:30px 40px 100px 40px;\r\n}\r\n#left_sidebar {\r\n	width:20%;\r\n	float:left;\r\n}\r\n#left_sidebar #primary-nav {\r\n	list-style-type:none;\r\n	border-bottom:1px solid #666666;\r\n	border-right:1px solid #666666;\r\n	background-color:#EEF2F3;\r\n}\r\n#left_sidebar #primary-nav a {\r\n	display:block;\r\n	padding:4px 15px;\r\n	color:#333333;\r\n	font-weight:bold;\r\n}\r\n#left_sidebar #primary-nav a:hover {\r\n	background-color:#FFFFFF;\r\n}\r\n#left_sidebar #primary-nav .active a {\r\n	background-color:#FF9900;\r\n}\r\n#right_sidebar {\r\n	float:right;\r\n	width:20%;\r\n	padding-bottom:100px;\r\n}\r\n.clearb {\r\n	clear:both;\r\n}\r\n#footer {\r\n	background-color:#0C3887;\r\n	text-align:center;\r\n	height:40px;\r\n	overflow:hidden;\r\n	font-size:11px;\r\n}\r\n#footer a {\r\n	padding:0 6px;\r\n	color:#FFFFFF;\r\n}\r\n#footer a:hover {\r\n	text-decoration:underline;\r\n}\r\n#footer ul {\r\n	padding:11px 0;\r\n	list-style-type:none;\r\n}\r\n#footer ul li {\r\n	display:inline;\r\n}\r\n#powered_by {\r\n	text-align:center;\r\n	background-color:#EEEEEE;\r\n}\r\n#powered_by a {\r\n	display:block;\r\n	padding-top:5px;\r\n	font-size:11px;\r\n	color:#000000;\r\n}\r\n/**** Shopping Cart Box ****/\r\n.shopping_cart_link {\r\n	display:block;\r\n	padding:5px 8px 5px 35px;\r\n	background-image: url(/img/icon_cart.png);\r\n	background-repeat:no-repeat;\r\n	background-position:4px 2px;\r\n	background-color:#B02B2C;\r\n	color:#FFFFFF;\r\n	font-weight:bold;\r\n}\r\nul.cart_total {\r\n	list-style-type:none;\r\n	font-weight:bold;\r\n	text-align:right;\r\n	padding:0 10px;\r\n}\r\nul.cart_total li {\r\n	padding:2px 0;\r\n	border-top:1px solid #333333;\r\n}\r\nul.cart_contents {\r\n	padding:6px;\r\n	list-style-type:none;\r\n}\r\nul.cart_contents a {\r\n	color:#000000;\r\n}\r\na.checkout {\r\n	display:block;\r\n	font-weight:bold;\r\n	padding:5px 8px;\r\n	background-color:#B02B2C;\r\n	border-top:1px solid #FAFAFA;\r\n	color:#FFFFFF;\r\n}\r\n#cart {\r\n	margin-top:10px;\r\n	margin-right:10px;\r\n	background-color:#FFFFFF;\r\n	border:1px solid #333333;\r\n}\r\n#cart a:hover {\r\n	text-decoration:underline;\r\n}\r\n/**** End Shopping Cart Box ****/\r\n\r\n\r\n/**** Shopping Cart Page ****/\r\n.cart {\r\n	background-color:#FFFFFF;\r\n	border:1px solid #333333;\r\n}\r\n.cart tr th{\r\n	text-align:left;\r\n	text-decoration:none;\r\n}\r\n.cart tr th,\r\n.cart tr td {\r\n	padding:3px 5px;\r\n}\r\n.cart tr.cart_total td {\r\n	text-align:right;\r\n	padding-right:40px;\r\n	padding-left:40px;\r\n	border-top:1px solid #333333;	\r\n}\r\n.cart a {\r\n	color:#000000;\r\n}\r\n.cart a.checkout {\r\n	color:#FFFFFF;\r\n}\r\n/**** End Shopping Cart Page ****/\r\n\r\n\r\n/**** Product/Category Listing ****/\r\n\r\n.content_listing {\r\n	list-style-type:none;\r\n	text-align:center;\r\n}\r\n.content_listing a {\r\n	color:#000000;\r\n}\r\n.content_listing li {\r\n	display:block;\r\n	float:left;\r\n	padding:14px;\r\n	margin:12px;\r\n	border:1px solid #CCCCCC;\r\n}\r\n/**** End Product/Category Listing ****/\r\n\r\n/**** Info Boxes ****/\r\n.info_box {\r\n	background-color:#FFFFFF;\r\n	border:1px solid #333333;\r\n	margin-top:10px;\r\n	margin-right:10px;\r\n}\r\n.info_box .box_heading {\r\n	font-weight:bold;\r\n	padding:5px 8px;\r\n	background-color:#B02B2C;\r\n	color:#FFFFFF;\r\n}\r\n.info_box .box_content {\r\n	padding:6px;\r\n}	\r\n/**** End Info Boxes ****/\r\n\r\ndiv.add_to_cart input {\r\n	background-image:url(/img/button_bg.jpg);\r\n	background-repeat:repeat-x;\r\n	border:1px solid #333333;\r\n	background-color:#FF9900;\r\n	color:#FFFFFF;\r\n	font-weight:bold;\r\n	display:block;\r\n	padding:4px 28px 4px 28px;\r\n	white-space:nowrap;\r\n}\r\n#sms_checkout_button {\r\n	background-image:url(/img/button_bg.jpg);\r\n	background-repeat:repeat-x;\r\n	border:1px solid #333333;\r\n	background-color:#FF9900;\r\n	color:#333333;\r\n	font-weight:bold;	\r\n	float:right;\r\n	margin:1em 0pt;\r\n	padding:5px;\r\n	width:10em;\r\n	font-size:14px;\r\n}', 0, '2007-07-14 18:44:00', '2007-08-30 14:49:00'),
(18, 1, 'Default Typography', 'default-typography', '* {\r\n    font-size:12px;\r\n    font-family: Arial, Helvetica, sans-serif;\r\n}\r\na {\r\ntext-decoration:none;\r\n}\r\nh1 a {\r\ncolor:#000000;\r\nfont-size:24px;\r\n}\r\nh2 {\r\nfont-size:16px;\r\n}\r\np {\r\nfont-size:12px;\r\nline-height:15px;\r\nmargin-bottom:20px;\r\n}\r\n#footer a {\r\nfont-size:11px;\r\n}\r\na.remove {\r\nfont-weight:bold;\r\ncolor:FF0000;\r\n}', 0, '2007-07-24 14:15:32', '2007-08-02 13:47:12'),
(20, 1, 'Default Product Details', 'default-product-details', '#product_details_left {\r\n	float:left;\r\n	width:70%;\r\n}\r\n#product_details_right {\r\n	float:right;\r\n	width:30%;\r\n}\r\n.product_price {\r\n	text-align:center;\r\n	font-weight:bold;\r\n	font-size:16px;\r\n	margin:10px auto;\r\n}\r\n.content_images {\r\n	text-align:center;\r\n	list-style-type:none;\r\n}\r\n.product_quantity {\r\n	width:25px;\r\n	font-weight:bold;\r\n	text-align:center;\r\n}', 0, '2007-07-30 16:28:26', '2007-08-15 15:09:34'),
(21, 1, 'Default Checkout', 'default-checkout', '/* Element Styling */\r\n.css_form hr,\r\n#checkout hr {\r\n	margin:10px 0;\r\n	display:none;\r\n}\r\n.css_form div,\r\n#checkout div {\r\n	padding:15px;\r\n	background:#E5ECF2;\r\n	margin-bottom:25px;	\r\n}\r\n.css_form div div,\r\n#checkout div div {\r\n	padding:0;\r\n	margin-bottom:10px;\r\n	background-color:transparent;\r\n}\r\n/* End Element Styling */\r\n\r\n\r\n/* Form Styling */\r\n.css_form label,\r\n#checkout label {\r\n	display:block;\r\n	float:left;\r\n	width:150px;\r\n}\r\n.css_form input,\r\n#checkout input,\r\n.css_form textarea,\r\n#checkout textarea {\r\n	width:180px;\r\n}	\r\n#checkout #payment_method label,\r\n#checkout #shipping_method label {\r\n	display:inline;\r\n	float:none;\r\n	width:auto;\r\n}\r\n#checkout #payment_method input,\r\n#checkout #shipping_method input {\r\n	width:auto;\r\n}\r\noption {\r\n	padding:0pt 1em 0pt 4px;\r\n}\r\n/* End Form Styling */', 0, '2007-08-10 11:07:11', '2007-08-13 15:35:53');

-- --------------------------------------------------------

-- 
-- Table structure for table `stylesheet_media_types`
-- 

CREATE TABLE `stylesheet_media_types` (
  `id` int(10) NOT NULL auto_increment,
  `name` varchar(50) collate utf8_unicode_ci NOT NULL,
  `type` varchar(50) collate utf8_unicode_ci NOT NULL,
  PRIMARY KEY  (`id`)
) ENGINE=InnoDB DEFAULT CHARSET=utf8 COLLATE=utf8_unicode_ci AUTO_INCREMENT=12 ;

-- 
-- Dumping data for table `stylesheet_media_types`
-- 

INSERT INTO `stylesheet_media_types` (`id`, `name`, `type`) VALUES 
(1, 'all : Suitable for all devices.', 'all'),
(2, 'aural : Intended for speech synthesizers.', 'aural'),
(3, 'braille : Intended for braille tactile feedback de', 'braille'),
(4, 'embossed : Intended for paged braille printers.', 'embossed'),
(5, 'handheld : Intended for handheld devices', 'handheld'),
(6, 'print : Intended for paged, opaque material and fo', 'print'),
(7, 'projection : Intended for projected presentations,', 'projection'),
(8, 'screen : Intended primarily for color computer scr', 'screen'),
(9, 'tty : Intended for media using a fixed-pitch chara', 'tty'),
(10, 'tv : Intended for television-type devices.', 'tv'),
(11, 'iPhone specific', 'only screen and (max-device-width: 480px)');

-- --------------------------------------------------------

-- 
-- Table structure for table `taxes`
-- 

CREATE TABLE `taxes` (
  `id` int(10) NOT NULL auto_increment,
  `default` tinyint(4) NOT NULL,
  `name` varchar(100) collate utf8_unicode_ci NOT NULL,
  `created` datetime NOT NULL,
  `modified` datetime NOT NULL,
  PRIMARY KEY  (`id`)
) ENGINE=InnoDB DEFAULT CHARSET=utf8 COLLATE=utf8_unicode_ci AUTO_INCREMENT=3 ;

-- 
-- Dumping data for table `taxes`
-- 

INSERT INTO `taxes` (`id`, `default`, `name`, `created`, `modified`) VALUES 
(1, 1, 'Non-Taxable', '2007-08-03 20:39:02', '2007-08-06 10:03:37'),
(2, 0, 'United States - VA Sales Tax', '2007-08-05 20:18:46', '2007-08-06 10:03:52');

-- --------------------------------------------------------

-- 
-- Table structure for table `tax_country_zone_rates`
-- 

CREATE TABLE `tax_country_zone_rates` (
  `id` int(10) NOT NULL auto_increment,
  `tax_id` int(10) NOT NULL,
  `country_zone_id` int(10) NOT NULL,
  `rate` double NOT NULL,
  PRIMARY KEY  (`id`)
) ENGINE=InnoDB DEFAULT CHARSET=utf8 COLLATE=utf8_unicode_ci AUTO_INCREMENT=117 ;

-- 
-- Dumping data for table `tax_country_zone_rates`
-- 

INSERT INTO `tax_country_zone_rates` (`id`, `tax_id`, `country_zone_id`, `rate`) VALUES 
(116, 2, 4071, 5);

-- --------------------------------------------------------

-- 
-- Table structure for table `templates`
-- 

CREATE TABLE `templates` (
  `id` int(10) NOT NULL auto_increment,
  `parent_id` int(10) NOT NULL,
  `template_type_id` int(10) NOT NULL,
  `default` tinyint(4) NOT NULL default '0',
  `name` varchar(50) collate utf8_unicode_ci NOT NULL,
  `template` text collate utf8_unicode_ci NOT NULL,
  `created` datetime NOT NULL,
  `modified` datetime NOT NULL,
  PRIMARY KEY  (`id`)
) ENGINE=InnoDB DEFAULT CHARSET=utf8 COLLATE=utf8_unicode_ci AUTO_INCREMENT=104 ;

-- 
-- Dumping data for table `templates`
-- 

INSERT INTO `templates` (`id`, `parent_id`, `template_type_id`, `default`, `name`, `template`, `created`, `modified`) VALUES 
(89, 0, 0, 1, 'Default Theme', '', '2007-07-26 16:02:41', '2007-09-12 17:46:19'),
(90, 89, 1, 0, 'Layout', '<!DOCTYPE html PUBLIC "-//W3C//DTD XHTML 1.0 Transitional//EN" "http://www.w3.org/TR/xhtml1/DTD/xhtml1-transitional.dtd">\r\n<html xmlns="http://www.w3.org/1999/xhtml">\r\n<head>\r\n	{* This tag links all attached stylesheets to the current template *}\r\n	{* You can link more stylesheets to this theme by clicking on the small css icon. *}\r\n	{stylesheet}\r\n\r\n	{* Outputs the global metadata found in Configuration => Store Settings *}\r\n	{metadata}\r\n<title>\r\n	{* site_name: Outputs the site name found in Configuration => Store Settings *}\r\n	{* content_name: Outputs the name of the current content page *}\r\n	{site_name} - {page_name}\r\n</title>\r\n<meta http-equiv="Content-Type" content="text/html; charset=utf-8" />\r\n</head>\r\n<body>\r\n	{admin_area_link}\r\n	<div id="layout">\r\n		<div id="header">\r\n			<h1><a href="/">{site_name}</a></h1>\r\n		</div>\r\n		<div id="navigation"> </div>\r\n		<div id="left_sidebar">\r\n			 {content_listing template=''vertical-menu'' parent=''0'' type=''product,category''}\r\n		</div>\r\n		<div id="content">\r\n			{admin_edit_link}\r\n			<div id="inner-content">\r\n				<h2>{page_name}</h2>\r\n				{content}\r\n			</div>\r\n			{admin_edit_link}\r\n		</div>\r\n		<div id="right_sidebar">\r\n			{shopping_cart template=''cart-content-box''}\r\n			{language_box}\r\n			{currency_box}\r\n		</div>\r\n		<div class="clearb"></div>	\r\n		<div id="footer">\r\n			{content_listing template=''information-links'' parent=''44''}\r\n		</div>\r\n		<div id="powered_by">\r\n			{global_content alias=''footer''}\r\n		</div>\r\n	</div>\r\n</body>\r\n</html>', '2007-07-26 16:02:41', '2007-09-11 17:55:25'),
(91, 89, 2, 0, 'Content Page', '{description}\r\n', '2007-07-26 16:02:41', '2007-07-29 21:37:54'),
(92, 89, 3, 0, 'Product Info', '<div id="product_details_left">\r\n	{description}\r\n</div>\r\n<div id="product_details_right">\r\n	<div class="product_images">{content_images number=''1''}</div>\r\n	{product_form}\r\n		<div class="product_price">{product_quantity} @ {product_price}</div>\r\n		<div class="add_to_cart">{purchase_button id=$content_id}</div>\r\n	{/product_form}\r\n	{module alias=''reviews'' action=''link''}\r\n</div>\r\n<div style="clear:both;"></div>', '2007-07-26 16:02:41', '2007-08-20 09:29:00'),
(93, 89, 4, 0, 'Category Info', '{description}\r\n\r\n{if $sub_count.categories > 0}\r\n	<h3>{lang}sub-category-list{/lang}</h3>\r\n	<div class="content_listing">\r\n		{content_listing  parent=$content_id type=''category''}\r\n	</div>\r\n{/if}\r\n\r\n{if $sub_count.products > 0}\r\n	<h3>{lang}sub-product-list{/lang}</h3>\r\n	<div class="content_listing">\r\n		{content_listing parent=$content_id type=''product''}\r\n	</div>\r\n{/if}', '2007-07-26 16:02:41', '2007-08-30 14:49:18'),
(94, 0, 0, 0, 'Minimal Template', '', '2007-08-28 16:17:22', '2007-08-28 16:17:22'),
(95, 94, 1, 0, 'Layout', '<!DOCTYPE html PUBLIC "-//W3C//DTD XHTML 1.0 Transitional//EN" "http://www.w3.org/TR/xhtml1/DTD/xhtml1-transitional.dtd">\r\n<html xmlns="http://www.w3.org/1999/xhtml">\r\n<head>\r\n	{stylesheet}\r\n	{metadata}\r\n<title>\r\n	{site_name} - {page_name}\r\n</title>\r\n<meta http-equiv="Content-Type" content="text/html; charset=utf-8" />\r\n</head>\r\n<body>\r\n	<div id="layout">\r\n		<div id="header">\r\n			<h1><a href="/">{site_name}</a></h1>\r\n		</div>\r\n		<div id="navigation"> </div>\r\n		<div id="left_sidebar">\r\n			 {content_listing template=''vertical-menu'' parent=''0'' type=''product,category''}\r\n		</div>\r\n		<div id="content">\r\n			{admin_edit_link}\r\n			<div id="inner-content">\r\n				<h2>{page_name}</h2>\r\n				{content}\r\n			</div>\r\n			{admin_edit_link}\r\n		</div>\r\n		<div id="right_sidebar">\r\n			{shopping_cart template=''cart-content-box''}\r\n			{language_box}\r\n			{currency_box}\r\n		</div>\r\n		<div class="clearb"></div>	\r\n		<div id="footer">\r\n			{content_listing template=''information-links'' parent=''44''}\r\n		</div>\r\n		<div id="powered_by">\r\n			{global_content alias=''footer''}\r\n		</div>\r\n	</div>\r\n</body>\r\n</html>', '2007-08-28 16:17:22', '2007-08-28 16:17:22'),
(96, 94, 2, 0, 'Content Page', '{description}', '2007-08-28 16:17:22', '2007-08-28 16:17:22'),
(97, 94, 3, 0, 'Product Info', '<div id="product_details_left">\r\n	{description}\r\n</div>\r\n<div id="product_details_right">\r\n	<div class="product_images">{content_images number=''1''}</div>\r\n	{product_form}\r\n		<div class="product_price">{product_quantity} @ {product_price}</div>\r\n		<div class="add_to_cart">{purchase_button id=$content_id}</div>\r\n	{/product_form}\r\n</div>\r\n<div style="clear:both;"></div>', '2007-08-28 16:17:23', '2007-08-28 16:17:23'),
(98, 94, 4, 0, 'Category Info', '{description}', '2007-08-28 16:17:23', '2007-08-28 16:17:23');

-- --------------------------------------------------------

-- 
-- Table structure for table `templates_stylesheets`
-- 

CREATE TABLE `templates_stylesheets` (
  `template_id` int(10) unsigned NOT NULL default '0',
  `stylesheet_id` int(10) unsigned NOT NULL default '0',
  PRIMARY KEY  (`template_id`,`stylesheet_id`)
) ENGINE=InnoDB DEFAULT CHARSET=latin1;

-- 
-- Dumping data for table `templates_stylesheets`
-- 

INSERT INTO `templates_stylesheets` (`template_id`, `stylesheet_id`) VALUES 
(89, 15),
(89, 18),
(89, 20),
(89, 21);

-- --------------------------------------------------------

-- 
-- Table structure for table `template_types`
-- 

CREATE TABLE `template_types` (
  `id` int(10) NOT NULL auto_increment,
  `name` varchar(50) collate utf8_unicode_ci NOT NULL,
  `default_template` text collate utf8_unicode_ci NOT NULL,
  PRIMARY KEY  (`id`)
) ENGINE=InnoDB DEFAULT CHARSET=utf8 COLLATE=utf8_unicode_ci AUTO_INCREMENT=5 ;

-- 
-- Dumping data for table `template_types`
-- 

INSERT INTO `template_types` (`id`, `name`, `default_template`) VALUES 
(1, 'Layout', '<!DOCTYPE html PUBLIC "-//W3C//DTD XHTML 1.0 Transitional//EN" "http://www.w3.org/TR/xhtml1/DTD/xhtml1-transitional.dtd">\r\n<html xmlns="http://www.w3.org/1999/xhtml">\r\n<head>\r\n	{stylesheet}\r\n	{metadata}\r\n<title>\r\n	{site_name} - {page_name}\r\n</title>\r\n<meta http-equiv="Content-Type" content="text/html; charset=utf-8" />\r\n</head>\r\n<body>\r\n	<div id="layout">\r\n		<div id="header">\r\n			<h1><a href="/">{site_name}</a></h1>\r\n		</div>\r\n		<div id="navigation"> </div>\r\n		<div id="left_sidebar">\r\n			 {content_listing template=''vertical-menu'' parent=''0'' type=''product,category''}\r\n		</div>\r\n		<div id="content">\r\n			{admin_edit_link}\r\n			<div id="inner-content">\r\n				<h2>{page_name}</h2>\r\n				{content}\r\n			</div>\r\n			{admin_edit_link}\r\n		</div>\r\n		<div id="right_sidebar">\r\n			{shopping_cart template=''cart-content-box''}\r\n			{language_box}\r\n			{currency_box}\r\n		</div>\r\n		<div class="clearb"></div>	\r\n		<div id="footer">\r\n			{content_listing template=''information-links'' parent=''44''}\r\n		</div>\r\n		<div id="powered_by">\r\n			{global_content alias=''footer''}\r\n		</div>\r\n	</div>\r\n</body>\r\n</html>'),
(2, 'Content Page', '{description}'),
(3, 'Product Info', '<div id="product_details_left">\r\n	{description}\r\n</div>\r\n<div id="product_details_right">\r\n	<div class="product_images">{content_images number=''1''}</div>\r\n	{product_form}\r\n		<div class="product_price">{product_quantity} @ {product_price}</div>\r\n		<div class="add_to_cart">{purchase_button id=$content_id}</div>\r\n	{/product_form}\r\n</div>\r\n<div style="clear:both;"></div>'),
(4, 'Category Info', '{description}');

-- --------------------------------------------------------

-- 
-- Table structure for table `users`
-- 

CREATE TABLE `users` (
  `id` int(10) NOT NULL auto_increment,
  `username` varchar(50) collate utf8_unicode_ci NOT NULL,
  `email` varchar(50) collate utf8_unicode_ci NOT NULL,
  `password` varchar(100) collate utf8_unicode_ci NOT NULL,
  `created` datetime NOT NULL,
  `modified` datetime NOT NULL,
  PRIMARY KEY  (`id`)
) ENGINE=InnoDB DEFAULT CHARSET=utf8 COLLATE=utf8_unicode_ci AUTO_INCREMENT=3 ;

-- 
-- Dumping data for table `users`
-- 

INSERT INTO `users` (`id`, `username`, `email`, `password`, `created`, `modified`) VALUES 
(1, 'admin', 'admin@sellingmadesimple.org', '5f4dcc3b5aa765d61d8327deb882cf99', '0000-00-00 00:00:00', '2007-07-23 15:34:53');

-- --------------------------------------------------------

-- 
-- Table structure for table `user_prefs`
-- 

CREATE TABLE `user_prefs` (
  `id` int(10) NOT NULL auto_increment,
  `user_id` int(10) NOT NULL,
  `name` varchar(50) collate utf8_unicode_ci NOT NULL,
  `value` text collate utf8_unicode_ci NOT NULL,
  PRIMARY KEY  (`id`)
) ENGINE=InnoDB DEFAULT CHARSET=utf8 COLLATE=utf8_unicode_ci AUTO_INCREMENT=8 ;

-- 
-- Dumping data for table `user_prefs`
-- 

INSERT INTO `user_prefs` (`id`, `user_id`, `name`, `value`) VALUES 
(1, 1, 'content_collapse', ''),
(2, 1, 'template_collpase', ',,,,,,,97,,,,,,,,,,94,,,'),
(4, 1, 'language', 'eng');

-- --------------------------------------------------------

-- 
-- Table structure for table `user_tags`
-- 

CREATE TABLE `user_tags` (
  `id` int(10) NOT NULL auto_increment,
  `name` varchar(50) collate utf8_unicode_ci NOT NULL,
  `alias` varchar(50) collate utf8_unicode_ci NOT NULL,
  `content` text collate utf8_unicode_ci NOT NULL,
  `created` datetime NOT NULL,
  `modified` datetime NOT NULL,
  PRIMARY KEY  (`id`)
) ENGINE=InnoDB DEFAULT CHARSET=utf8 COLLATE=utf8_unicode_ci AUTO_INCREMENT=11 ;

-- 
-- Dumping data for table `user_tags`
-- 

INSERT INTO `user_tags` (`id`, `name`, `alias`, `content`, `created`, `modified`) VALUES 
(10, 'User Agent', 'user-agent', 'echo $_SERVER[''HTTP_USER_AGENT''];', '2007-07-25 09:50:24', '2007-07-27 18:08:55');
